/*!40101 SET @OLD_CHARACTER_SET_CLIENT=@@CHARACTER_SET_CLIENT */;
/*!40101 SET @OLD_CHARACTER_SET_RESULTS=@@CHARACTER_SET_RESULTS */;
/*!40101 SET @OLD_COLLATION_CONNECTION=@@COLLATION_CONNECTION */;
SET NAMES utf8;
/*!40103 SET @OLD_TIME_ZONE=@@TIME_ZONE */;
/*!40103 SET TIME_ZONE='+00:00' */;
/*!40014 SET @OLD_UNIQUE_CHECKS=@@UNIQUE_CHECKS, UNIQUE_CHECKS=0 */;
/*!40014 SET @OLD_FOREIGN_KEY_CHECKS=@@FOREIGN_KEY_CHECKS, FOREIGN_KEY_CHECKS=0 */;
/*!40101 SET @OLD_SQL_MODE=@@SQL_MODE, SQL_MODE='NO_AUTO_VALUE_ON_ZERO' */;
/*!40111 SET @OLD_SQL_NOTES=@@SQL_NOTES, SQL_NOTES=0 */;

INSERT INTO `housings` VALUES ('1','Casa única en el terreno', null, null, 'A', null, null),('2','Casa que comparte terreno con otra(s)', null, null, 'A', null, null),('3','Casa dúplex', null, null, 'A', null, null),('4','Departamento en edificio', null, null, 'A', null, null),('5','Vivienda en vecindad o cuartería', null, null, 'A', null, null),('6','Vivienda en cuarto de azotea de un edificio', null, null, 'A', null, null),('7','Local no construido para habitación', null, null, 'A', null, null),('8','Vivienda móvil', null, null, 'A', null, null),('9','Refugio', null, null, 'A', null, null),('10','Viviendas colectivas', null, null, 'A', null, null),('99','No especificado de vivienda particular', null, null, 'A', null, null);

INSERT INTO `ethnic_groups` VALUES (1, 'Náhuatl', null, null, 'A', null, null), (2, 'Maya', null, null, 'A', null, null), (3, 'Zapoteco', null, null, 'A', null, null), (4, 'Mixteco', null, null, 'A', null, null), (5, 'Otomí', null, null, 'A', null, null), (6, 'Totonaca', null, null, 'A', null, null), (7, 'Tzotzil', null, null, 'A', null, null), (8, 'Tzeltal', null, null, 'A', null, null), (9, 'Mazahua', null, null, 'A', null, null), (10, 'Mazateco', null, null, 'A', null, null), (11, 'Huasteco', null, null, 'A', null, null), (12, 'Chol', null, null, 'A', null, null), (13, 'Purépecha', null, null, 'A', null, null), (14, 'No especificada', null, null, 'A', null, null), (15, 'Chinanteco', null, null, 'A', null, null), (16, 'Mixe', null, null, 'A', null, null), (17, 'Tlapaneco', null, null, 'A', null, null), (18, 'Tarahumara', null, null, 'A', null, null), (19, 'Mayo', null, null, 'A', null, null), (20, 'Zoque', null, null, 'A', null, null), (21, 'Chontal de Tabasco', null, null, 'A', null, null), (22, 'Popoluca', null, null, 'A', null, null), (23, 'Chatino', null, null, 'A', null, null), (24, 'Amuzgo', null, null, 'A', null, null), (25, 'Tojolabal', null, null, 'A', null, null), (26, 'Huichol', null, null, 'A', null, null), (27, 'Tepehuan', null, null, 'A', null, null), (28, 'Triqui', null, null, 'A', null, null), (29, 'Popoloca', null, null, 'A', null, null), (30, 'Cora', null, null, 'A', null, null), (31, 'Mame', null, null, 'A', null, null), (32, 'Yaqui', null, null, 'A', null, null), (33, 'Cuicateco', null, null, 'A', null, null), (34, 'Huave', null, null, 'A', null, null), (35, 'Tepehua', null, null, 'A', null, null), (36, 'Chontal de Oaxaca', null, null, 'A', null, null), (37, 'Kanjobal', null, null, 'A', null, null), (38, 'Pame', null, null, 'A', null, null), (39, 'Chichimeca Jonaz', null, null, 'A', null, null), (40, 'Matlatzinca', null, null, 'A', null, null), (41, 'Guarijío', null, null, 'A', null, null), (42, 'Chuj', null, null, 'A', null, null), (43, 'Chocho', null, null, 'A', null, null), (44, 'Tacuate', null, null, 'A', null, null), (45, 'Ocuilteco', null, null, 'A', null, null), (46, 'Pima', null, null, 'A', null, null), (47, 'Jacalteco', null, null, 'A', null, null), (48, 'Kekchi', null, null, 'A', null, null), (49, 'Otras lenguas indígenas de América', null, null, 'A', null, null), (50, 'Lacandón', null, null, 'A', null, null), (51, 'Ixcateco', null, null, 'A', null, null), (52, 'Otras lenguas indígenas de México', null, null, 'A', null, null), (53, 'Seri', null, null, 'A', null, null), (54, 'Motocintleco', null, null, 'A', null, null), (55, 'Cakchiquel', null, null, 'A', null, null), (56, 'Quiche', null, null, 'A', null, null), (57, 'Paipai', null, null, 'A', null, null), (58, 'Papago', null, null, 'A', null, null), (59, 'Cucapá', null, null, 'A', null, null), (60, 'Kumiai', null, null, 'A', null, null), (61, 'Kikapú', null, null, 'A', null, null), (62, 'Cochimí', null, null, 'A', null, null), (63, 'Ixil', null, null, 'A', null, null), (64, 'Kiliwa', null, null, 'A', null, null), (65, 'Aguacateco', null, null, 'A', null, null);

INSERT INTO `genders` VALUES (1, 'Masculino', null, null, 'A', null, null), (2, 'Femenino', null, null, 'A', null, null), (99, 'No binario', null, null, 'A', null, null);

INSERT INTO `marital_statuses` VALUES (1, 'Soltero', null, null, 'A', null, null), (2, 'Casado', null, null, 'A', null, null), (3, 'Divorciado', null, null, 'A', null, null), (4, 'Separado', null, null, 'A', null, null), (5, 'Viudo', null, null, 'A', null, null), (6, 'Unión libre', null, null, 'A', null, null);

INSERT INTO `states` VALUES ('1','Aguascalientes'),('2','Baja California'),('3','Baja California Sur'),('4','Campeche'),('5','Chiapas'),('6','Chihuahua'),('7','Ciudad de México'),('8','Coahuila de Zaragoza'),('9','Colima'),('10','Durango'),('11','Guanajuato'),('12','Guerrero'),('13','Hidalgo'),('14','Jalisco'),('15','Edo. de México'),('16','Michoacán de Ocampo'),('17','Morelos'),('18','Nayarit'),('19','Nuevo León'),('20','Oaxaca'),('21','Puebla'),('22','Querétaro'),('23','Quintana Roo'),('24','San Luis Potosí'),('25','Sinaloa'),('26','Sonora'),('27','Tabasco'),('28','Tamaulipas'),('29','Tlaxcala'),('30','Veracruz de Ignacio de la Llave'),('31','Yucatán'),('32','Zacatecas'),('33','Nacional'),('34','Extranjero');

INSERT INTO `municipalities` (id_municipality, name, fk_state) VALUES ('2001', 'Abejones', '20'), ('2002', 'Acatlán de Pérez Figueroa', '20'), ('2003', 'Ánimas Trujano', '20'), ('2004', 'Asunción Cacalotepec', '20'), ('2005', 'Asunción Cuyotepeji', '20'), ('2006', 'Asunción Ixtaltepec', '20'), ('2007', 'Asunción Nochixtlán', '20'), ('2008', 'Asunción Ocotlán', '20'), ('2009', 'Asunción Tlacolulita', '20'), ('2010', 'Ayoquezco de Aldama', '20'), ('2011', 'Ayotzintepec', '20'), ('2012', 'Calihualá', '20'), ('2013', 'Candelaria Loxicha', '20'), ('2014', 'Capulálpam de Méndez', '20'), ('2015', 'Chahuites', '20'), ('2016', 'Chalcatongo de Hidalgo', '20'), ('2017', 'Chiquihuitlán de Benito Juárez', '20'), ('2018', 'Ciénega de Zimatlán', '20'), ('2019', 'Ciudad Ixtepec', '20'), ('2020', 'Coatecas Altas', '20'), ('2021', 'Coicoyán de las Flores', '20'), ('2022', 'Concepción Buenavista', '20'), ('2023', 'Concepción Pápalo', '20'), ('2024', 'Constancia del Rosario', '20'), ('2025', 'Cosolapa', '20'), ('2026', 'Cosoltepec', '20'), ('2027', 'Cuilápam de Guerrero', '20'), ('2028', 'Cuyamecalco Villa de Zaragoza', '20'), ('2029', 'El Barrio de la Soledad', '20'), ('2030', 'El Espinal', '20'), ('2031', 'Eloxochitlán de Flores Magón', '20'), ('2032', 'Fresnillo de Trujano', '20'), ('2033', 'Guadalupe de Ramírez', '20'), ('2034', 'Guadalupe Etla', '20'), ('2035', 'Guelatao de Juárez', '20'), ('2036', 'Guevea de Humboldt', '20'), ('2037', 'Heroica Ciudad de Ejutla de Crespo', '20'), ('2038', 'Heroica Ciudad de Huajuapan de León', '20'), ('2039', 'Heroica Ciudad de Tlaxiaco', '20'), ('2040', 'Heroica Villa de San Blas Atempa', '20'), ('2041', 'Huautepec', '20'), ('2042', 'Huautla de Jiménez', '20'), ('2043', 'Ixpantepec Nieves', '20'), ('2044', 'Ixtlán de Juárez', '20'), ('2045', 'Juchitán de Zaragoza', '20'), ('2046', 'La Compañía', '20'), ('2047', 'La Pe', '20'), ('2048', 'La Reforma', '20'), ('2049', 'La Trinidad Vista Hermosa', '20'), ('2050', 'Loma Bonita', '20'), ('2051', 'Magdalena Apasco', '20'), ('2052', 'Magdalena Jaltepec', '20'), ('2053', 'Magdalena Mixtepec', '20'), ('2054', 'Magdalena Ocotlán', '20'), ('2055', 'Magdalena Peñasco', '20'), ('2056', 'Magdalena Teitipac', '20'), ('2057', 'Magdalena Tequisistlán', '20'), ('2058', 'Magdalena Tlacotepec', '20'), ('2059', 'Magdalena Yodocono de Porfirio Díaz', '20'), ('2060', 'Magdalena Zahuatlán', '20'), ('2061', 'Mariscala de Juárez', '20'), ('2062', 'Mártires de Tacubaya', '20'), ('2063', 'Matías Romero Avendaño', '20'), ('2064', 'Mazatlán Villa de Flores', '20'), ('2065', 'Mesones Hidalgo', '20'), ('2066', 'Miahuatlán de Porfirio Díaz', '20'), ('2067', 'Mixistlán de la Reforma', '20'), ('2068', 'Monjas', '20'), ('2069', 'Natividad', '20'), ('2070', 'Nazareno Etla', '20'), ('2071', 'Nejapa de Madero', '20'), ('2072', 'Nuevo Zoquiápam', '20'), ('2073', 'Oaxaca de Juárez', '20'), ('2074', 'Ocotlán de Morelos', '20'), ('2075', 'Pinotepa de Don Luis', '20'), ('2076', 'Pluma Hidalgo', '20'), ('2077', 'Putla Villa de Guerrero', '20'), ('2078', 'Reforma de Pineda', '20'), ('2079', 'Reyes Etla', '20'), ('2080', 'Rojas de Cuauhtémoc', '20'), ('2081', 'Salina Cruz', '20'), ('2082', 'San Agustín Amatengo', '20'), ('2083', 'San Agustín Atenango', '20'), ('2084', 'San Agustín Chayuco', '20'), ('2085', 'San Agustín de las Juntas', '20'), ('2086', 'San Agustín Etla', '20'), ('2087', 'San Agustín Loxicha', '20'), ('2088', 'San Agustín Tlacotepec', '20'), ('2089', 'San Agustín Yatareni', '20'), ('2090', 'San Andrés Cabecera Nueva', '20'), ('2091', 'San Andrés Dinicuiti', '20'), ('2092', 'San Andrés Huaxpaltepec', '20'), ('2093', 'San Andrés Huayápam', '20'), ('2094', 'San Andrés Ixtlahuaca', '20'), ('2095', 'San Andrés Lagunas', '20'), ('2096', 'San Andrés Nuxiño', '20'), ('2097', 'San Andrés Paxtlán', '20'), ('2098', 'San Andrés Sinaxtla', '20'), ('2099', 'San Andrés Solaga', '20'), ('2100', 'San Andrés Teotilálpam', '20'), ('2101', 'San Andrés Tepetlapa', '20'), ('2102', 'San Andrés Yaá', '20'), ('2103', 'San Andrés Zabache', '20'), ('2104', 'San Andrés Zautla', '20'), ('2105', 'San Antonino Castillo Velasco', '20'), ('2106', 'San Antonino el Alto', '20'), ('2107', 'San Antonino Monte Verde', '20'), ('2108', 'San Antonio Acutla', '20'), ('2109', 'San Antonio de la Cal', '20'), ('2110', 'San Antonio Huitepec', '20'), ('2111', 'San Antonio Nanahuatípam', '20'), ('2112', 'San Antonio Sinicahua', '20'), ('2113', 'San Antonio Tepetlapa', '20'), ('2114', 'San Baltazar Chichicápam', '20'), ('2115', 'San Baltazar Loxicha', '20'), ('2116', 'San Baltazar Yatzachi el Bajo', '20'), ('2117', 'San Bartolo Coyotepec', '20'), ('2118', 'San Bartolo Soyaltepec', '20'), ('2119', 'San Bartolo Yautepec', '20'), ('2120', 'San Bartolomé Ayautla', '20'), ('2121', 'San Bartolomé Loxicha', '20'), ('2122', 'San Bartolomé Quialana', '20'), ('2123', 'San Bartolomé Yucuañe', '20'), ('2124', 'San Bartolomé Zoogocho', '20'), ('2125', 'San Bernardo Mixtepec', '20'), ('2126', 'San Carlos Yautepec', '20'), ('2127', 'San Cristóbal Amatlán', '20'), ('2128', 'San Cristóbal Amoltepec', '20'), ('2129', 'San Cristóbal Lachirioag', '20'), ('2130', 'San Cristóbal Suchixtlahuaca', '20'), ('2131', 'San Dionisio del Mar', '20'), ('2132', 'San Dionisio Ocotepec', '20'), ('2133', 'San Dionisio Ocotlán', '20'), ('2134', 'San Esteban Atatlahuca', '20'), ('2135', 'San Felipe Jalapa de Díaz', '20'), ('2136', 'San Felipe Tejalápam', '20'), ('2137', 'San Felipe Usila', '20'), ('2138', 'San Francisco Cahuacuá', '20'), ('2139', 'San Francisco Cajonos', '20'), ('2140', 'San Francisco Chapulapa', '20'), ('2141', 'San Francisco Chindúa', '20'), ('2142', 'San Francisco del Mar', '20'), ('2143', 'San Francisco Huehuetlán', '20'), ('2144', 'San Francisco Ixhuatán', '20'), ('2145', 'San Francisco Jaltepetongo', '20'), ('2146', 'San Francisco Lachigoló', '20'), ('2147', 'San Francisco Logueche', '20'), ('2148', 'San Francisco Nuxaño', '20'), ('2149', 'San Francisco Ozolotepec', '20'), ('2150', 'San Francisco Sola', '20'), ('2151', 'San Francisco Telixtlahuaca', '20'), ('2152', 'San Francisco Teopan', '20'), ('2153', 'San Francisco Tlapancingo', '20'), ('2154', 'San Gabriel Mixtepec', '20'), ('2155', 'San Ildefonso Amatlán', '20'), ('2156', 'San Ildefonso Sola', '20'), ('2157', 'San Ildefonso Villa Alta', '20'), ('2158', 'San Jacinto Amilpas', '20'), ('2159', 'San Jacinto Tlacotepec', '20'), ('2160', 'San Jerónimo Coatlán', '20'), ('2161', 'San Jerónimo Silacayoapilla', '20'), ('2162', 'San Jerónimo Sosola', '20'), ('2163', 'San Jerónimo Taviche', '20'), ('2164', 'San Jerónimo Tecóatl', '20'), ('2165', 'San Jerónimo Tlacochahuaya', '20'), ('2166', 'San Jorge Nuchita', '20'), ('2167', 'San José Ayuquila', '20'), ('2168', 'San José Chiltepec', '20'), ('2169', 'San José del Peñasco', '20'), ('2170', 'San José del Progreso', '20'), ('2171', 'San José Estancia Grande', '20'), ('2172', 'San José Independencia', '20'), ('2173', 'San José Lachiguiri', '20'), ('2174', 'San José Tenango', '20'), ('2175', 'San Juan Achiutla', '20'), ('2176', 'San Juan Atepec', '20'), ('2177', 'San Juan Bautista Atatlahuca', '20'), ('2178', 'San Juan Bautista Coixtlahuaca', '20'), ('2179', 'San Juan Bautista Cuicatlán', '20'), ('2180', 'San Juan Bautista Guelache', '20'), ('2181', 'San Juan Bautista Jayacatlán', '20'), ('2182', 'San Juan Bautista Lo de Soto', '20'), ('2183', 'San Juan Bautista Suchitepec', '20'), ('2184', 'San Juan Bautista Tlachichilco', '20'), ('2185', 'San Juan Bautista Tlacoatzintepec', '20'), ('2186', 'San Juan Bautista Tuxtepec', '20'), ('2187', 'San Juan Bautista Valle Nacional', '20'), ('2188', 'San Juan Cacahuatepec', '20'), ('2189', 'San Juan Chicomezúchil', '20'), ('2190', 'San Juan Chilateca', '20'), ('2191', 'San Juan Cieneguilla', '20'), ('2192', 'San Juan Coatzóspam', '20'), ('2193', 'San Juan Colorado', '20'), ('2194', 'San Juan Comaltepec', '20'), ('2195', 'San Juan Cotzocón', '20'), ('2196', 'San Juan de los Cués', '20'), ('2197', 'San Juan del Estado', '20'), ('2198', 'San Juan del Río', '20'), ('2199', 'San Juan Diuxi', '20'), ('2200', 'San Juan Evangelista Analco', '20'), ('2201', 'San Juan Guelavía', '20'), ('2202', 'San Juan Guichicovi', '20'), ('2203', 'San Juan Ihualtepec', '20'), ('2204', 'San Juan Juquila Mixes', '20'), ('2205', 'San Juan Juquila Vijanos', '20'), ('2206', 'San Juan Lachao', '20'), ('2207', 'San Juan Lachigalla', '20'), ('2208', 'San Juan Lajarcia', '20'), ('2209', 'San Juan Lalana', '20'), ('2210', 'San Juan Mazatlán', '20'), ('2211', 'San Juan Mixtepec -Dto. 08 -', '20'), ('2212', 'San Juan Mixtepec -Dto. 26 -', '20'), ('2213', 'San Juan Ñumí', '20'), ('2214', 'San Juan Ozolotepec', '20'), ('2215', 'San Juan Petlapa', '20'), ('2216', 'San Juan Quiahije', '20'), ('2217', 'San Juan Quiotepec', '20'), ('2218', 'San Juan Sayultepec', '20'), ('2219', 'San Juan Tabaá', '20'), ('2220', 'San Juan Tamazola', '20'), ('2221', 'San Juan Teita', '20'), ('2222', 'San Juan Teitipac', '20'), ('2223', 'San Juan Tepeuxila', '20'), ('2224', 'San Juan Teposcolula', '20'), ('2225', 'San Juan Yaeé', '20'), ('2226', 'San Juan Yatzona', '20'), ('2227', 'San Juan Yucuita', '20'), ('2228', 'San Lorenzo', '20'), ('2229', 'San Lorenzo Albarradas', '20'), ('2230', 'San Lorenzo Cacaotepec', '20'), ('2231', 'San Lorenzo Cuaunecuiltitla', '20'), ('2232', 'San Lorenzo Texmelúcan', '20'), ('2233', 'San Lorenzo Victoria', '20'), ('2234', 'San Lucas Camotlán', '20'), ('2235', 'San Lucas Ojitlán', '20'), ('2236', 'San Lucas Quiaviní', '20'), ('2237', 'San Lucas Zoquiápam', '20'), ('2238', 'San Luis Amatlán', '20'), ('2239', 'San Marcial Ozolotepec', '20'), ('2240', 'San Marcos Arteaga', '20'), ('2241', 'San Martín de los Cansecos', '20'), ('2242', 'San Martín Huamelúlpam', '20'), ('2243', 'San Martín Itunyoso', '20'), ('2244', 'San Martín Lachilá', '20'), ('2245', 'San Martín Peras', '20'), ('2246', 'San Martín Tilcajete', '20'), ('2247', 'San Martín Toxpalan', '20'), ('2248', 'San Martín Zacatepec', '20'), ('2249', 'San Mateo Cajonos', '20'), ('2250', 'San Mateo del Mar', '20'), ('2251', 'San Mateo Etlatongo', '20'), ('2252', 'San Mateo Nejápam', '20'), ('2253', 'San Mateo Peñasco', '20'), ('2254', 'San Mateo Piñas', '20'), ('2255', 'San Mateo Río Hondo', '20'), ('2256', 'San Mateo Sindihui', '20'), ('2257', 'San Mateo Tlapiltepec', '20'), ('2258', 'San Mateo Yoloxochitlán', '20'), ('2259', 'San Mateo Yucutindoo', '20'), ('2260', 'San Melchor Betaza', '20'), ('2261', 'San Miguel Achiutla', '20'), ('2262', 'San Miguel Ahuehuetitlán', '20'), ('2263', 'San Miguel Aloápam', '20'), ('2264', 'San Miguel Amatitlán', '20'), ('2265', 'San Miguel Amatlán', '20'), ('2266', 'San Miguel Chicahua', '20'), ('2267', 'San Miguel Chimalapa', '20'), ('2268', 'San Miguel Coatlán', '20'), ('2269', 'San Miguel del Puerto', '20'), ('2270', 'San Miguel del Río', '20'), ('2271', 'San Miguel Ejutla', '20'), ('2272', 'San Miguel el Grande', '20'), ('2273', 'San Miguel Huautla', '20'), ('2274', 'San Miguel Mixtepec', '20'), ('2275', 'San Miguel Panixtlahuaca', '20'), ('2276', 'San Miguel Peras', '20'), ('2277', 'San Miguel Piedras', '20'), ('2278', 'San Miguel Quetzaltepec', '20'), ('2279', 'San Miguel Santa Flor', '20'), ('2280', 'San Miguel Soyaltepec', '20'), ('2281', 'San Miguel Suchixtepec', '20'), ('2282', 'San Miguel Tecomatlán', '20'), ('2283', 'San Miguel Tenango', '20'), ('2284', 'San Miguel Tequixtepec', '20'), ('2285', 'San Miguel Tilquiápam', '20'), ('2286', 'San Miguel Tlacamama', '20'), ('2287', 'San Miguel Tlacotepec', '20'), ('2288', 'San Miguel Tulancingo', '20'), ('2289', 'San Miguel Yotao', '20'), ('2290', 'San Nicolás', '20'), ('2291', 'San Nicolás Hidalgo', '20'), ('2292', 'San Pablo Coatlán', '20'), ('2293', 'San Pablo Cuatro Venados', '20'), ('2294', 'San Pablo Etla', '20'), ('2295', 'San Pablo Huitzo', '20'), ('2296', 'San Pablo Huixtepec', '20'), ('2297', 'San Pablo Macuiltianguis', '20'), ('2298', 'San Pablo Tijaltepec', '20'), ('2299', 'San Pablo Villa de Mitla', '20'), ('2300', 'San Pablo Yaganiza', '20'), ('2301', 'San Pedro Amuzgos', '20'), ('2302', 'San Pedro Apóstol', '20'), ('2303', 'San Pedro Atoyac', '20'), ('2304', 'San Pedro Cajonos', '20'), ('2305', 'San Pedro Comitancillo', '20'), ('2306', 'San Pedro Coxcaltepec Cántaros', '20'), ('2307', 'San Pedro el Alto', '20'), ('2308', 'San Pedro Huamelula', '20'), ('2309', 'San Pedro Huilotepec', '20'), ('2310', 'San Pedro Ixcatlán', '20'), ('2311', 'San Pedro Ixtlahuaca', '20'), ('2312', 'San Pedro Jaltepetongo', '20'), ('2313', 'San Pedro Jicayán', '20'), ('2314', 'San Pedro Jocotipac', '20'), ('2315', 'San Pedro Juchatengo', '20'), ('2316', 'San Pedro Mártir', '20'), ('2317', 'San Pedro Mártir Quiechapa', '20'), ('2318', 'San Pedro Mártir Yucuxaco', '20'), ('2319', 'San Pedro Mixtepec -Dto. 22 -', '20'), ('2320', 'San Pedro Mixtepec -Dto. 26 -', '20'), ('2321', 'San Pedro Molinos', '20'), ('2322', 'San Pedro Nopala', '20'), ('2323', 'San Pedro Ocopetatillo', '20'), ('2324', 'San Pedro Ocotepec', '20'), ('2325', 'San Pedro Pochutla', '20'), ('2326', 'San Pedro Quiatoni', '20'), ('2327', 'San Pedro Sochiápam', '20'), ('2328', 'San Pedro Tapanatepec', '20'), ('2329', 'San Pedro Taviche', '20'), ('2330', 'San Pedro Teozacoalco', '20'), ('2331', 'San Pedro Teutila', '20'), ('2332', 'San Pedro Tidaá', '20'), ('2333', 'San Pedro Topiltepec', '20'), ('2334', 'San Pedro Totolápam', '20'), ('2335', 'San Pedro y San Pablo Ayutla', '20'), ('2336', 'San Pedro y San Pablo Teposcolula', '20'), ('2337', 'San Pedro y San Pablo Tequixtepec', '20'), ('2338', 'San Pedro Yaneri', '20'), ('2339', 'San Pedro Yólox', '20'), ('2340', 'San Pedro Yucunama', '20'), ('2341', 'San Raymundo Jalpan', '20'), ('2342', 'San Sebastián Abasolo', '20'), ('2343', 'San Sebastián Coatlán', '20'), ('2344', 'San Sebastián Ixcapa', '20'), ('2345', 'San Sebastián Nicananduta', '20'), ('2346', 'San Sebastián Río Hondo', '20'), ('2347', 'San Sebastián Tecomaxtlahuaca', '20'), ('2348', 'San Sebastián Teitipac', '20'), ('2349', 'San Sebastián Tutla', '20'), ('2350', 'San Simón Almolongas', '20'), ('2351', 'San Simón Zahuatlán', '20'), ('2352', 'San Vicente Coatlán', '20'), ('2353', 'San Vicente Lachixío', '20'), ('2354', 'San Vicente Nuñú', '20'), ('2355', 'Santa Ana', '20'), ('2356', 'Santa Ana Ateixtlahuaca', '20'), ('2357', 'Santa Ana Cuauhtémoc', '20'), ('2358', 'Santa Ana del Valle', '20'), ('2359', 'Santa Ana Tavela', '20'), ('2360', 'Santa Ana Tlapacoyan', '20'), ('2361', 'Santa Ana Yareni', '20'), ('2362', 'Santa Ana Zegache', '20'), ('2363', 'Santa Catalina Quierí', '20'), ('2364', 'Santa Catarina Cuixtla', '20'), ('2365', 'Santa Catarina Ixtepeji', '20'), ('2366', 'Santa Catarina Juquila', '20'), ('2367', 'Santa Catarina Lachatao', '20'), ('2368', 'Santa Catarina Loxicha', '20'), ('2369', 'Santa Catarina Mechoacán', '20'), ('2370', 'Santa Catarina Minas', '20'), ('2371', 'Santa Catarina Quiané', '20'), ('2372', 'Santa Catarina Quioquitani', '20'), ('2373', 'Santa Catarina Tayata', '20'), ('2374', 'Santa Catarina Ticuá', '20'), ('2375', 'Santa Catarina Yosonotú', '20'), ('2376', 'Santa Catarina Zapoquila', '20'), ('2377', 'Santa Cruz Acatepec', '20'), ('2378', 'Santa Cruz Amilpas', '20'), ('2379', 'Santa Cruz de Bravo', '20'), ('2380', 'Santa Cruz Itundujia', '20'), ('2381', 'Santa Cruz Mixtepec', '20'), ('2382', 'Santa Cruz Nundaco', '20'), ('2383', 'Santa Cruz Papalutla', '20'), ('2384', 'Santa Cruz Tacache de Mina', '20'), ('2385', 'Santa Cruz Tacahua', '20'), ('2386', 'Santa Cruz Tayata', '20'), ('2387', 'Santa Cruz Xitla', '20'), ('2388', 'Santa Cruz Xoxocotlán', '20'), ('2389', 'Santa Cruz Zenzontepec', '20'), ('2390', 'Santa Gertrudis', '20'), ('2391', 'Santa Inés de Zaragoza', '20'), ('2392', 'Santa Inés del Monte', '20'), ('2393', 'Santa Inés Yatzeche', '20'), ('2394', 'Santa Lucía del Camino', '20'), ('2395', 'Santa Lucía Miahuatlán', '20'), ('2396', 'Santa Lucía Monteverde', '20'), ('2397', 'Santa Lucía Ocotlán', '20'), ('2398', 'Santa Magdalena Jicotlán', '20'), ('2399', 'Santa María Alotepec', '20'), ('2400', 'Santa María Apazco', '20'), ('2401', 'Santa María Atzompa', '20'), ('2402', 'Santa María Camotlán', '20'), ('2403', 'Santa María Chachoápam', '20'), ('2404', 'Santa María Chilchotla', '20'), ('2405', 'Santa María Chimalapa', '20'), ('2406', 'Santa María Colotepec', '20'), ('2407', 'Santa María Cortijo', '20'), ('2408', 'Santa María Coyotepec', '20'), ('2409', 'Santa María del Rosario', '20'), ('2410', 'Santa María del Tule', '20'), ('2411', 'Santa María Ecatepec', '20'), ('2412', 'Santa María Guelacé', '20'), ('2413', 'Santa María Guienagati', '20'), ('2414', 'Santa María Huatulco', '20'), ('2415', 'Santa María Huazolotitlán', '20'), ('2416', 'Santa María Ipalapa', '20'), ('2417', 'Santa María Ixcatlán', '20'), ('2418', 'Santa María Jacatepec', '20'), ('2419', 'Santa María Jalapa del Marqués', '20'), ('2420', 'Santa María Jaltianguis', '20'), ('2421', 'Santa María la Asunción', '20'), ('2422', 'Santa María Lachixío', '20'), ('2423', 'Santa María Mixtequilla', '20'), ('2424', 'Santa María Nativitas', '20'), ('2425', 'Santa María Nduayaco', '20'), ('2426', 'Santa María Ozolotepec', '20'), ('2427', 'Santa María Pápalo', '20'), ('2428', 'Santa María Peñoles', '20'), ('2429', 'Santa María Petapa', '20'), ('2430', 'Santa María Quiegolani', '20'), ('2431', 'Santa María Sola', '20'), ('2432', 'Santa María Tataltepec', '20'), ('2433', 'Santa María Tecomavaca', '20'), ('2434', 'Santa María Temaxcalapa', '20'), ('2435', 'Santa María Temaxcaltepec', '20'), ('2436', 'Santa María Teopoxco', '20'), ('2437', 'Santa María Tepantlali', '20'), ('2438', 'Santa María Texcatitlán', '20'), ('2439', 'Santa María Tlahuitoltepec', '20'), ('2440', 'Santa María Tlalixtac', '20'), ('2441', 'Santa María Tonameca', '20'), ('2442', 'Santa María Totolapilla', '20'), ('2443', 'Santa María Xadani', '20'), ('2444', 'Santa María Yalina', '20'), ('2445', 'Santa María Yavesía', '20'), ('2446', 'Santa María Yolotepec', '20'), ('2447', 'Santa María Yosoyúa', '20'), ('2448', 'Santa María Yucuhiti', '20'), ('2449', 'Santa María Zacatepec', '20'), ('2450', 'Santa María Zaniza', '20'), ('2451', 'Santa María Zoquitlán', '20'), ('2452', 'Santiago Amoltepec', '20'), ('2453', 'Santiago Apoala', '20'), ('2454', 'Santiago Apóstol', '20'), ('2455', 'Santiago Astata', '20'), ('2456', 'Santiago Atitlán', '20'), ('2457', 'Santiago Ayuquililla', '20'), ('2458', 'Santiago Cacaloxtepec', '20'), ('2459', 'Santiago Camotlán', '20'), ('2460', 'Santiago Choápam', '20'), ('2461', 'Santiago Comaltepec', '20'), ('2462', 'Santiago del Río', '20'), ('2463', 'Santiago Huajolotitlán', '20'), ('2464', 'Santiago Huauclilla', '20'), ('2465', 'Santiago Ihuitlán Plumas', '20'), ('2466', 'Santiago Ixcuintepec', '20'), ('2467', 'Santiago Ixtayutla', '20'), ('2468', 'Santiago Jamiltepec', '20'), ('2469', 'Santiago Jocotepec', '20'), ('2470', 'Santiago Juxtlahuaca', '20'), ('2471', 'Santiago Lachiguiri', '20'), ('2472', 'Santiago Lalopa', '20'), ('2473', 'Santiago Laollaga', '20'), ('2474', 'Santiago Laxopa', '20'), ('2475', 'Santiago Llano Grande', '20'), ('2476', 'Santiago Matatlán', '20'), ('2477', 'Santiago Miltepec', '20'), ('2478', 'Santiago Minas', '20'), ('2479', 'Santiago Nacaltepec', '20'), ('2480', 'Santiago Nejapilla', '20'), ('2481', 'Santiago Niltepec', '20'), ('2482', 'Santiago Nundiche', '20'), ('2483', 'Santiago Nuyoó', '20'), ('2484', 'Santiago Pinotepa Nacional', '20'), ('2485', 'Santiago Suchilquitongo', '20'), ('2486', 'Santiago Tamazola', '20'), ('2487', 'Santiago Tapextla', '20'), ('2488', 'Santiago Tenango', '20'), ('2489', 'Santiago Tepetlapa', '20'), ('2490', 'Santiago Tetepec', '20'), ('2491', 'Santiago Texcalcingo', '20'), ('2492', 'Santiago Textitlán', '20'), ('2493', 'Santiago Tilantongo', '20'), ('2494', 'Santiago Tillo', '20'), ('2495', 'Santiago Tlazoyaltepec', '20'), ('2496', 'Santiago Xanica', '20'), ('2497', 'Santiago Xiacuí', '20'), ('2498', 'Santiago Yaitepec', '20'), ('2499', 'Santiago Yaveo', '20'), ('2500', 'Santiago Yolomécatl', '20'), ('2501', 'Santiago Yosondúa', '20'), ('2502', 'Santiago Yucuyachi', '20'), ('2503', 'Santiago Zacatepec', '20'), ('2504', 'Santiago Zoochila', '20'), ('2505', 'Santo Domingo Albarradas', '20'), ('2506', 'Santo Domingo Armenta', '20'), ('2507', 'Santo Domingo Chihuitán', '20'), ('2508', 'Santo Domingo de Morelos', '20'), ('2509', 'Santo Domingo Ingenio', '20'), ('2510', 'Santo Domingo Ixcatlán', '20'), ('2511', 'Santo Domingo Nuxaá', '20'), ('2512', 'Santo Domingo Ozolotepec', '20'), ('2513', 'Santo Domingo Petapa', '20'), ('2514', 'Santo Domingo Roayaga', '20'), ('2515', 'Santo Domingo Tehuantepec', '20'), ('2516', 'Santo Domingo Teojomulco', '20'), ('2517', 'Santo Domingo Tepuxtepec', '20'), ('2518', 'Santo Domingo Tlatayápam', '20'), ('2519', 'Santo Domingo Tomaltepec', '20'), ('2520', 'Santo Domingo Tonalá', '20'), ('2521', 'Santo Domingo Tonaltepec', '20'), ('2522', 'Santo Domingo Xagacía', '20'), ('2523', 'Santo Domingo Yanhuitlán', '20'), ('2524', 'Santo Domingo Yodohino', '20'), ('2525', 'Santo Domingo Zanatepec', '20'), ('2526', 'Santo Tomás Jalieza', '20'), ('2527', 'Santo Tomás Mazaltepec', '20'), ('2528', 'Santo Tomás Ocotepec', '20'), ('2529', 'Santo Tomás Tamazulapan', '20'), ('2530', 'Santos Reyes Nopala', '20'), ('2531', 'Santos Reyes Pápalo', '20'), ('2532', 'Santos Reyes Tepejillo', '20'), ('2533', 'Santos Reyes Yucuná', '20'), ('2534', 'Silacayoápam', '20'), ('2535', 'Sitio de Xitlapehua', '20'), ('2536', 'Soledad Etla', '20'), ('2537', 'Tamazulápam del Espíritu Santo', '20'), ('2538', 'Tanetze de Zaragoza', '20'), ('2539', 'Taniche', '20'), ('2540', 'Tataltepec de Valdés', '20'), ('2541', 'Teococuilco de Marcos Pérez', '20'), ('2542', 'Teotitlán de Flores Magón', '20'), ('2543', 'Teotitlán del Valle', '20'), ('2544', 'Teotongo', '20'), ('2545', 'Tepelmeme Villa de Morelos', '20'), ('2546', 'Tezoatlán de Segura y Luna', '20'), ('2547', 'Tlacolula de Matamoros', '20'), ('2548', 'Tlacotepec Plumas', '20'), ('2549', 'Tlalixtac de Cabrera', '20'), ('2550', 'Totontepec Villa de Morelos', '20'), ('2551', 'Trinidad Zaachila', '20'), ('2552', 'Unión Hidalgo', '20'), ('2553', 'Valerio Trujano', '20'), ('2554', 'Villa de Chilapa de Díaz', '20'), ('2555', 'Villa de Etla', '20'), ('2556', 'Villa de Santiago Chazumba', '20'), ('2557', 'Villa de Tamazulápam del Progreso', '20'), ('2558', 'Villa de Tututepec', '20'), ('2559', 'Villa de Zaachila', '20'), ('2560', 'Villa Díaz Ordaz', '20'), ('2561', 'Villa Hidalgo Yalálag', '20'), ('2562', 'Villa Sola de Vega', '20'), ('2563', 'Villa Talea de Castro', '20'), ('2564', 'Villa Tejúpam de la Unión', '20'), ('2565', 'Yaxe', '20'), ('2566', 'Yogana', '20'), ('2567', 'Yutanduchi de Guerrero', '20'), ('2568', 'Zapotitlán Lagunas', '20'), ('2569', 'Zapotitlán Palmas', '20'), ('2570', 'Zimatlán de Álvarez', '20');

INSERT INTO `localities` (name, postal_code, fk_municipality) VALUES ('San Juan Bautista Atatlahuca', '68204', '2177'), ('San Jerónimo Sosola', '68207', '2162'), ('Minas de Llano Verde', '68207', '2162'), ('San Juan Bautista Jayacatlán', '68210', '2181'), ('Santiago Tenango', '68217', '2488'), ('Santa María Tenéxpam', '68220', '2295'), ('San Juan del Estado', '68224', '2197'), ('Magdalena Apasco', '68226', '2051'), ('De Lache', '68228', '2051'), ('Santa Cruz Lachizolana', '68232', '2485'), ('Santo Domingo Tlaltinango', '68232', '2485'), ('San Juan Bautista Guelache', '68234', '2180'), ('San Miguel Etla', '68236', '2180'), ('Santos Degollado', '68236', '2180'), ('San Gabriel Etla', '68236', '2180'), ('Reyes Etla', '68237', '2079'), ('Nazareno Etla', '68240', '2070'), ('San Andrés Zautla', '68244', '2104'), ('Alemán', '68244', '2104'), ('San Isidro', '68244', '2104'), ('San Agustín Etla', '68247', '2086'), ('Soledad Etla', '68250', '2536'), ('Santo Tomas Mazaltepec', '68254', '2527'), ('Guadalupe Etla', '68256', '2034'), ('San Pablo Etla', '68258', '2294'), ('San Sebastián', '68258', '2294'), ('Hacienda Blanca', '68259', '2294'), ('San Felipe Tejalápam', '68260', '2136'), ('San Lorenzo Cacaotepec', '68263', '2230'), ('Santiago Etla', '68264', '2230'), ('Santa María Peñoles', '68266', '2428'), ('Santiago Huaxolotipac', '68268', '2495'), ('Santiago Tlazoyaltepec', '68268', '2495'), ('Buena Vista', '68269', '2495'), ('Tlalixtac de Cabrera', '68270', '2549'), ('Santa Catalina de Sena', '68273', '2549'), ('Pueblo Nuevo', '68274', '2073'), ('San Jacinto Amilpas', '68285', '2158'), ('San Andrés Huayápam', '68287', '2093'), ('San Agustín Yatareni', '68290', '2089'), ('Santo Domingo Tomaltepec', '68293', '2519'), ('Santa María del Tule', '68297', '2410'), ('Guendolain', '68299', '2410'), ('Catarino Torres Pereda', '68336', '2186'), ('San Benito de Encinal', '68405', '2050'), ('Cerro Clarín', '68407', '2172'), ('Cerro Chapultepec', '68407', '2172'), ('San José Independencia', '68407', '2172'), ('Buenos Aires', '68408', '2172'), ('Tetela', '68426', '2002'), ('Nuevo Pescadito de Abajo', '68430', '2280'), ('Arroyo Chicali', '68430', '2280'), ('Corral de Piedra', '68430', '2280'), ('Nuevo Pescadito de Enmedio', '68430', '2280'), ('Nuevo Soyaltepec', '68430', '2280'), ('Piedra de Amolar', '68430', '2280'), ('Temascal', '68430', '2280'), ('Isla del Viejo Soyaltepec', '68432', '2280'), ('Nueva Patria', '68433', '2280'), ('Nuevo Paso Nazareno', '68433', '2280'), ('Playa Lecuona', '68433', '2280'), ('La Reforma', '68433', '2280'), ('Nuevo Pescadito de Abajo Dos', '68434', '2280'), ('Ayotzintepec', '68435', '2011'), ('San Pedro Ozumacin', '68435', '2011'), ('Papaloapan', '68440', '2186'), ('Camelia Roja', '68444', '2186'), ('San Bartolo', '68446', '2186'), ('San Miguel Obispo', '68447', '2186'), ('Benemérito Juárez', '68448', '2186'), ('San Pedro Ixcatlán', '68450', '2310'), ('San José Chiltepec', '68456', '2168'), ('Pueblo Viejo', '68457', '2168'), ('Chuparrosa', '68462', '2135'), ('Playa Chica', '68464', '2135'), ('Santa María Jacatepec', '68465', '2418'), ('San Lucas Ojitlán', '68470', '2235'), ('San Isidro Chinantilla', '68482', '2187'), ('San Cristóbal la Vega', '68483', '2187'), ('Santa Fe y la Mar', '68483', '2187'), ('San Felipe de León', '68488', '2187'), ('San Felipe Usila', '68490', '2137'), ('Huautla de Jiménez', '68500', '2042'), ('Río Santiago', '68502', '2042'), ('San Andrés Hidalgo', '68503', '2042'), ('Santa María Chilchotla', '68510', '2404'), ('Agua de Paxtle', '68511', '2404'), ('Río Sapo', '68511', '2404'), ('San Francisco', '68513', '2404'), ('San Rafael', '68513', '2404'), ('Santa Ana Ateixtlahuaca', '68515', '2356'), ('San Lorenzo Cuaunecuiltitla', '68518', '2231'), ('San Francisco Huehuetlán', '68520', '2143'), ('San Pedro Ocopetatillo', '68524', '2323'), ('Santa Cruz Acatepec', '68527', '2377'), ('Eloxochitlán de Flores Magón', '68530', '2031'), ('Santiago Texcalcingo', '68535', '2491'), ('San Bernardino', '68542', '2542'), ('Santa María Teopoxco', '68544', '2436'), ('San Martín Toxpalan', '68547', '2247'), ('Capultitla', '68548', '2247'), ('San Jerónimo Tecóatl', '68550', '2164'), ('Santa María Asunción', '68553', '2421'), ('Huautepec', '68555', '2041'), ('San Juan Coatzospam', '68557', '2192'), ('San Lucas Zoquiapam', '68560', '2237'), ('San Antonio Nanahuatipam', '68565', '2111'), ('San Gabriel Casa Blanca', '68569', '2111'), ('San José Tenango', '68570', '2174'), ('Boca del Río San Mateo', '68575', '2258'), ('San Mateo Yoloxochitlán', '68575', '2258'), ('San Bartolomé Ayautla', '68577', '2120'), ('Mazatlán Villa de Flores', '68580', '2064'), ('San Juan de los Cues', '68585', '2196'), ('Santa María Tecomavaca', '68590', '2433'), ('Santa María Ixcatlán', '68595', '2417'), ('San Juan Coyula', '68601', '2179'), ('Santiago Quiotepec', '68602', '2179'), ('Cuyamecalco Villa de Zaragoza', '68610', '2028'), ('Santa Ana Cuauhtémoc', '68614', '2357'), ('San Pedro Teutila', '68620', '2331'), ('Santo Domingo del Río', '68620', '2331'), ('San Miguel Santa Flor', '68624', '2279'), ('Santa María Tlalixtac', '68627', '2440'), ('Tlalixtac Viejo', '68627', '2440'), ('San Andrés Teotilalpam', '68631', '2100'), ('San Alejo el Progreso', '68635', '2140'), ('San Francisco Chapulapa', '68635', '2140'), ('Concepción Pápalo', '68640', '2023'), ('San Lorenzo Pápalo', '68640', '2023'), ('Santos Reyes Pápalo', '68645', '2531'), ('San Juan Bautista Tlacoatzintepec', '68650', '2185'), ('Santa María Pápalo', '68655', '2427'), ('Teponapa', '68659', '2427'), ('San Juan Tepeuxila', '68660', '2223'), ('San Pedro Sochiápam', '68665', '2327'), ('Valerio Trujano', '68672', '2553'), ('San Pedro Jocotipac', '68675', '2314'), ('Santa María Texcatitlan', '68680', '2438'), ('Jaltepetongo', '68685', '2312'), ('San Francisco Cotahuixtla', '68691', '2479'), ('Natividad', '68700', '2069'), ('San Juan Quiotepec', '68704', '2217'), ('Maninaltepec', '68706', '2217'), ('San Pedro Yolox', '68707', '2339'), ('Rosario Temextitlán', '68708', '2339'), ('San Martín Soloyapan', '68714', '2461'), ('Abejones', '68715', '2001'), ('San Pablo Macuiltianguis', '68720', '2297'), ('San Juan Luvina', '68722', '2297'), ('Ixtlán de Juárez', '68725', '2044'), ('Santa María Yahuiche', '68725', '2044'), ('San Gaspar Yagalaxi', '68726', '2044'), ('Santo Domingo Cacalotepec', '68727', '2044'), ('San Juan Yagila', '68727', '2044'), ('Santa Cruz Yagavila', '68727', '2044'), ('Santa María Zoogachi', '68727', '2044'), ('Santiago Teotlaxco', '68727', '2044'), ('La Luz', '68728', '2044'), ('San Juan Atepec', '68730', '2176'), ('San Pedro Yaneri', '68734', '2338'), ('San Miguel Aloapan', '68737', '2263'), ('San Isidro Aloapam', '68737', '2263'), ('Teococuilco de Marcos Pérez', '68740', '2541'), ('Santa Ana Yareni', '68745', '2361'), ('San Juan Evangelista Analco', '68748', '2200'), ('Santa María Jaltianguis', '68750', '2420'), ('San Miguel del Río', '68754', '2270'), ('San Juan Chicomezúchil', '68757', '2189'), ('Capulálpam de Méndez', '68760', '2014'), ('Nuevo Zoquiápam', '68764', '2072'), ('San Matias Zoquiapan', '68765', '2072'), ('San Andrés Yatuni', '68767', '2497'), ('Santiago Xiacui', '68767', '2497'), ('Francisco I. Madero', '68768', '2497'), ('Trinidad Ixtlán', '68768', '2497'), ('Guelatao de Juárez', '68770', '2035'), ('Santa Catarina Ixtepeji', '68774', '2365'), ('San Miguel Yotao', '68778', '2289'), ('Santa Catarina Lachatao', '68780', '2367'), ('Benito Juárez', '68783', '2367'), ('Santa María Yavesía', '68790', '2445'), ('Santiago Laxopa', '68795', '2474'), ('San Ildefonso Villa Alta', '68800', '2157'), ('Santiago Camotlan', '68805', '2459'), ('San Juan Yaee', '68810', '2225'), ('Santiago Yagallo', '68811', '2225'), ('Santa María Lachichina', '68812', '2225'), ('Santiago Lalopa', '68814', '2472'), ('San Juan Yatzona', '68817', '2226'), ('Villa Talea de Castro', '68820', '2563'), ('San Bartolomé Yatoni', '68821', '2563'), ('Tanetze de Zaragoza', '68824', '2538'), ('San Juan Juquila Vijanos', '68827', '2205'), ('San Felipe el Porvenir', '68828', '2205'), ('San Cristóbal Lachirioag', '68830', '2129'), ('Santa María Temaxcalapa', '68834', '2434'), ('Santo Domingo Roayaga', '68837', '2514'), ('Santa María Yalina', '68840', '2444'), ('San Andrés Solaga', '68844', '2099'), ('San Juan Tabaa', '68847', '2219'), ('San Melchor Betaza', '68850', '2260'), ('San Andrés Yaá', '68854', '2102'), ('San Bartolomé Zoogocho', '68857', '2124'), ('San Baltazar Yatzachi el Bajo', '68860', '2116'), ('Santa María Yohueche', '68861', '2116'), ('Santa María Xochixtepec', '68865', '2116'), ('Santiago Zoochila', '68866', '2504'), ('Villa Hidalgo Yalálag', '68870', '2561'), ('San Francisco Cajonos', '68875', '2139'), ('San Mateo Cajonos', '68880', '2249'), ('San Pedro Cajonos', '68885', '2304'), ('Santo Domingo Xagacia', '68890', '2522'), ('San Pablo Yaganiza', '68895', '2300'), ('Santiago Choápam', '68900', '2460'), ('Santo Domingo Latani', '68901', '2460'), ('San Jacinto Yaveloxi', '68903', '2460'), ('Santa María Yahuivé', '68905', '2460'), ('San Juan Teotalcingo', '68906', '2460'), ('San Juan del Río', '68907', '2460'), ('Monte Negro', '68920', '2469'), ('Río Chiquito', '68920', '2469'), ('Santiago Jocotepec', '68920', '2469'), ('San Antonio las Palmas', '68921', '2469'), ('San Juan Lalana', '68940', '2209'), ('San Juan Jaltepec', '68960', '2499'), ('Santiago Yaveo', '68960', '2499'), ('Zapotitancillo', '68960', '2499'), ('Dolores Hidalgo', '68970', '2499'), ('San Juan Petlapa', '68980', '2215'), ('Santa María Lovani', '68986', '2215'), ('San Juan Comaltepec', '68990', '2194'), ('El Molino', '69009', '2038'), ('Santiago Chilixtlahuaca', '69009', '2038'), ('San Pedro Yodoyuxi', '69009', '2038'), ('Villa de Santiago Chazumba', '69010', '2556'), ('Trinidad Huaxtepec', '69013', '2556'), ('Acaquizápam', '69014', '2556'), ('Maninaltepec', '69015', '2556'), ('Cosoltepec', '69020', '2026'), ('Joluxtla', '69021', '2026'), ('San Pedro y San Pablo Tequixtepec', '69030', '2337'), ('Tequixtepec', '69030', '2337'), ('San Juan Yolotepec', '69031', '2337'), ('San Juan Bautista Suchitepec', '69040', '2183'), ('Santiago Miltepec', '69050', '2477'), ('San Jerónimo Silacayoapilla', '69055', '2161'), ('Zapotitlan Palmas', '69060', '2569'), ('La Reforma', '69064', '2091'), ('San Andrés Dinicuiti', '69064', '2091'), ('Santiago Cacaloxtepec', '69065', '2458'), ('Asunción Cuyotepeji', '69070', '2005'), ('Santa María Camotlán', '69080', '2402'), ('Santiago Huajolotitlán', '69090', '2463'), ('Santiago Tamazola', '69100', '2486'), ('Santa Ana Rayón', '69101', '2486'), ('San Bartolo Salinas', '69105', '2486'), ('San José Zocoteaca de Bravo', '69106', '2486'), ('San Juan Cieneguilla', '69110', '2191'), ('Zapotitlan Lagunas', '69120', '2568'), ('Guadalupe del Recreo', '69126', '2568'), ('San Juan Ihualtepec', '69130', '2203'), ('San José Chepetlán', '69139', '2203'), ('San Nicolás Hidalgo', '69140', '2291'), ('Guadalupe de Ramírez', '69150', '2033'), ('San Andrés Tepetlapa', '69160', '2101'), ('San Miguel Ahuehuetitlán', '69171', '2262'), ('San Mateo Nejapam', '69180', '2252'), ('San Juan Bautista Tlachichilco', '69190', '2184'), ('Juquila de León', '69201', '2546'), ('San Juan Diquiyu', '69201', '2546'), ('Santa María Tindú', '69202', '2546'), ('San Marcos de Garzón', '69203', '2546'), ('San Andrés Yutatío', '69204', '2546'), ('Yucuñuti de Benito Juárez', '69204', '2546'), ('San Isidro el Naranjo', '69205', '2546'), ('San Juan Cuitito', '69206', '2546'), ('Yucuquimi de Ocampo', '69207', '2546'), ('Guadalupe de Cisneros', '69209', '2546'), ('Las Peñas', '69209', '2546'), ('Fresnillo de Trujano', '69210', '2032'), ('Santiago Ayuquililla', '69220', '2457'), ('San José Ayuquila', '69230', '2167'), ('Plan del Vergel', '69235', '2248'), ('San Martín Zacatepec', '69235', '2248'), ('San Miguel Amatitlán', '69240', '2264'), ('Santa Cruz Tacache de Mina', '69260', '2384'), ('San Simón Zahuatlán', '69265', '2351'), ('San Marcos Arteaga', '69270', '2240'), ('San Jorge Nuchita', '69280', '2166'), ('Santos Reyes Yucuna', '69287', '2533'), ('Natividad', '69290', '2520'), ('San Andrés Sabinillo', '69290', '2520'), ('San Juan Reyes', '69290', '2520'), ('Santo Domingo Tonala', '69290', '2520'), ('Santo Domingo Yodohino', '69296', '2524'), ('San Juan Bautista Coixtlahuaca', '69300', '2178'), ('Tepelmeme Villa de Morelos', '69310', '2545'), ('Puerto Mixteco', '69312', '2545'), ('La Unión', '69314', '2545'), ('San Miguel Astatla', '69321', '2022'), ('Santiago Ihuitlán Plumas', '69330', '2465'), ('San Antonio Abad', '69333', '2465'), ('Tlacotepec Plumas', '69340', '2548'), ('San Francisco Teopan', '69345', '2152'), ('Llano Grande', '69346', '2152'), ('Santa Magdalena Jicotlán', '69350', '2398'), ('San Mateo Tlapiltepec', '69355', '2257'), ('San Miguel Tequixtepec', '69360', '2284'), ('Palo Solo', '69369', '2284'), ('San Miguel Tulancingo', '69370', '2288'), ('Santiago Tepetlapa', '69375', '2489'), ('San Cristóbal Suchixtlahuaca', '69380', '2130'), ('Santa María Nativitas', '69390', '2424'), ('Silacayoápam', '69400', '2534'), ('San Martín del Estado', '69401', '2534'), ('Alfaro', '69402', '2534'), ('San Juan Huaxtepec', '69402', '2534'), ('Santiago Patlanalá', '69403', '2534'), ('Los Reyes Michiapa', '69404', '2534'), ('San Andrés Montaña', '69405', '2534'), ('San Sebastián Zoquiapan', '69406', '2534'), ('San Jerónimo Progreso', '69407', '2534'), ('San Miguel Aguacates', '69408', '2534'), ('Santiago Asunción', '69410', '2534'), ('Del Carmen', '69411', '2534'), ('San Juan Trujano', '69411', '2534'), ('Santiago Yucuyachi', '69420', '2502'), ('Santa Rosa de Juárez', '69421', '2502'), ('San Lorenzo Victoria', '69430', '2233'), ('San Agustín Atenango', '69440', '2083'), ('Calihualá', '69450', '2012'), ('San José Sabinillo', '69457', '2012'), ('Santa Cruz de Bravo', '69460', '2379'), ('Ixpantepec Nieves', '69470', '2043'), ('San Francisco Tlapancingo', '69480', '2153'), ('San Marcos Natividad', '69485', '2153'), ('Guadalupe Nogales', '69485', '2153'), ('Santiago del Río', '69490', '2462'), ('San Francisco Higos', '69492', '2462'), ('San Pedro y San Pablo Teposcolula', '69500', '2336'), ('Santo Tomás Tecolotitlán', '69504', '2336'), ('La Trinidad Vista Hermosa', '69507', '2049'), ('Río del Oro', '69513', '2557'), ('San Pedro Nopala', '69516', '2322'), ('San Pedro Yococuno', '69519', '2322'), ('Teotongo', '69520', '2544'), ('San Antonio Acutla', '69526', '2108'), ('Villa Tejúpam de la Unión', '69530', '2564'), ('Yodobada', '69535', '2564'), ('Santo Domingo Tonaltepec', '69536', '2521'), ('Villa de Chilapa de Díaz', '69540', '2554'), ('San Antonino Monte Verde', '69546', '2107'), ('San Antonio Yodonduza Monteverde', '69546', '2107'), ('San Francisco Caballua', '69546', '2107'), ('San José Monteverde', '69547', '2107'), ('San Pedro Yucunama', '69556', '2340'), ('San Juan Teposcolula', '69560', '2224'), ('Refugio de Morelos', '69563', '2224'), ('San Bartolo Soyaltepec', '69565', '2118'), ('La Unión Soyaltepec', '69566', '2118'), ('Santiago Yolomécatl', '69570', '2500'), ('San Sebastián Nicananduta', '69574', '2345'), ('Santo Domingo Tlatayapam', '69577', '2518'), ('Santa María Nduayaco', '69580', '2425'), ('San José de Gracia', '69582', '2425'), ('San Vicente Nuñu', '69585', '2354'), ('San Pedro Topiltepec', '69590', '2333'), ('Santiago Nejapilla', '69595', '2480'), ('San Miguel Huautla', '69610', '2273'), ('San Miguel Chicahua', '69615', '2266'), ('Santa María Apazco', '69620', '2400'), ('Santiago Apoala', '69625', '2453'), ('Santa María Chachoápam', '69630', '2403'), ('San Pedro Coxcaltepec Cántaros', '69641', '2306'), ('Santiago Huauclilla', '69659', '2464'), ('Santo Domingo Yanhuitlán', '69660', '2523'), ('San Andrés Sinaxtla', '69665', '2098'), ('Santa María Suchixtlán', '69667', '2098'), ('San Juan Sayultepec', '69675', '2218'), ('Santiago Tillo', '69680', '2494'), ('San Mateo Yucucui', '69681', '2494'), ('San Francisco Chindúa', '69685', '2141'), ('San Mateo Etlatongo', '69690', '2251'), ('Santa Inés de Zaragoza', '69695', '2391'), ('La Unión Zaragoza', '69696', '2391'), ('San Juan Copala', '69702', '2470'), ('San Miguel Tlacotepec', '69730', '2287'), ('San Martín Sabinillo', '69731', '2287'), ('Santiago Nuxaño', '69735', '2287'), ('Guadalupe Nucate', '69737', '2287'), ('San Mateo Tuñuchi', '69742', '2347'), ('Guadalupe Nundaca', '69743', '2347'), ('Cañada de Lobos', '69750', '2347'), ('Sabino Solo', '69751', '2347'), ('Santos Reyes Tepejillo', '69760', '2532'), ('Pueblo Viejo', '69774', '2211'), ('San Martín Peras', '69780', '2245'), ('Coicoyán de las Flores', '69790', '2021'), ('El Jicaral', '69799', '2021'), ('El Carrizal', '69802', '2039'), ('El Vergel', '69802', '2039'), ('Ojo de Agua', '69804', '2039'), ('Llano de Guadalupe', '69805', '2039'), ('Nueva Reforma', '69805', '2039'), ('El Ojite', '69806', '2039'), ('Agua Zarca', '69806', '2039'), ('San Antonio Nduaxico', '69807', '2213'), ('San Juan Ñumi', '69807', '2213'), ('Santo Domingo Yosoñama', '69808', '2213'), ('Sabinillo', '69809', '2213'), ('Río San Juan', '69809', '2213'), ('San Pedro Mártir Yucuxaco', '69810', '2318'), ('Cañada María', '69811', '2318'), ('Guadalupe Hidalgo', '69812', '2318'), ('San Martín Huamelúlpam', '69815', '2242'), ('La Estancia', '69820', '2386'), ('Santa Cruz Tayata', '69820', '2386'), ('Ignacio Allende', '69824', '2482'), ('Santiago Nundiche', '69824', '2482'), ('Santa María del Rosario', '69827', '2409'), ('San Juan Achiutla', '69830', '2175'), ('Santa Catarina Tayata', '69834', '2373'), ('Cuauhtémoc Tayata', '69836', '2373'), ('Buenavista', '69837', '2128'), ('San Cristóbal Amoltepec', '69837', '2128'), ('Cabeza del Río', '69838', '2128'), ('San Miguel Achiutla', '69840', '2261'), ('San Martín Itunyoso', '69845', '2243'), ('Magdalena Peñasco', '69848', '2055'), ('Yosocahua', '69848', '2055'), ('Ignacio Zaragoza', '69848', '2055'), ('San Bartolomé Yucuañe', '69850', '2123'), ('Ojo de Agua', '69855', '2382'), ('San Isidro Vista Hermosa', '69855', '2382'), ('Santa Cruz Nundaco', '69855', '2382'), ('San Agustín Tlacotepec', '69860', '2088'), ('Santo Tomas Ocotepec', '69865', '2528'), ('Nunuma', '69866', '2528'), ('Emilio Portes Gil', '69868', '2528'), ('Laguna Amarilla', '69868', '2528'), ('San Antonio Sinicahua', '69870', '2112'), ('San Mateo Peñasco', '69875', '2253'), ('Santa María Tataltepec', '69880', '2432'), ('San Pedro Molinos', '69885', '2321'), ('Santa María Yosoyua', '69890', '2447'), ('Buenavista', '69891', '2447'), ('San Juan Teita', '69895', '2221'), ('Magdalena Jaltepec', '69900', '2052'), ('Santa Cruz Mitlatongo', '69903', '2052'), ('Magdalena Yodocono de Porfirio Díaz', '69910', '2059'), ('Santa Cruz Yodocono', '69912', '2059'), ('San Miguel Tecomatlán', '69915', '2282'), ('Magdalena Zahuatlán', '69920', '2060'), ('San Francisco Nuxaño', '69925', '2148'), ('San Pedro Tidaá', '69930', '2332'), ('San Francisco Jaltepetongo', '69935', '2145'), ('Santiago Tilantongo', '69940', '2493'), ('San Martín de las Palmas', '69944', '2493'), ('Guadalupe Hidalgo', '69944', '2493'), ('San Juan Diuxi', '69946', '2199'), ('San Andrés Nuxiño', '69953', '2096'), ('Linda Vista Herradura', '69954', '2096'), ('San Juan Tamazola', '69957', '2220'), ('Santo Domingo Nuxaa', '69960', '2511'), ('Yutanduchi de Guerrero', '69970', '2567'), ('San Pedro Teozacoalco', '69980', '2330'), ('San Miguel Piedras', '69990', '2277'), ('San Mateo Sindihui', '69995', '2256'), ('La Ventosa', '70102', '2045'), ('Emiliano Zapata', '70103', '2045'), ('Álvaro Obregón', '70103', '2045'), ('La Venta', '70104', '2045'), ('Santa María del Mar', '70109', '2045'), ('El Espinal', '70117', '2030'), ('Santo Domingo Ingenio', '70120', '2509'), ('Cerro Iguana', '70124', '2509'), ('Santa María Xadani', '70125', '2443'), ('Santiago Niltepec', '70130', '2481'), ('San Dionisio del Mar', '70137', '2131'), ('San Dionisio Pueblo Viejo', '70138', '2131'), ('Santiago Ixtaltepec', '70144', '2006'), ('Lázaro Cárdenas', '70145', '2006'), ('San Francisco del Mar Pueblo Viejo', '70146', '2142'), ('San Francisco del Mar', '70146', '2142'), ('San Miguel Chimalapa', '70155', '2267'), ('Santo Domingo Zanatepec', '70160', '2525'), ('Reforma de Pineda', '70170', '2078'), ('Rincón Juárez', '70185', '2328'), ('Los Corazones', '70189', '2328'), ('Santiago Zacatepec', '70200', '2503'), ('Metaltepec', '70201', '2503'), ('San Juan Metaltepec', '70201', '2503'), ('Llano Crucero', '70206', '2517'), ('Santo Domingo Tepuxtepec', '70206', '2517'), ('Llano Laguna', '70207', '2517'), ('María Lombardo de Caso', '70215', '2195'), ('San Juan Cotzocon', '70220', '2195'), ('San Juan Mazatlán', '70230', '2210'), ('Los Fresnos', '70232', '2210'), ('Santiago Tutla', '70232', '2210'), ('Constitución Mexicana', '70247', '2210'), ('Villanueva II', '70247', '2210'), ('General Felipe Ángeles', '70247', '2210'), ('Santa María Ocotepec', '70251', '2550'), ('Santa María Tiltepec', '70252', '2550'), ('Santiago Amatepec', '70254', '2550'), ('Mixistlán de la Reforma', '70261', '2067'), ('Santa María Mixistlán', '70262', '2067'), ('Flores', '70265', '2439'), ('Nejapan', '70265', '2439'), ('Santa Cruz', '70265', '2439'), ('Santa María Tlahuitoltepec', '70265', '2439'), ('Tejas', '70265', '2439'), ('Santa María Alotepec', '70270', '2399'), ('Santiago Atitlán', '70276', '2456'), ('Linda Vista', '70280', '2537'), ('Tamazulápam del Espíritu Santo', '70280', '2537'), ('San Pedro y San Pablo Ayutla', '70283', '2335'), ('Santa María Tepantlali', '70286', '2437'), ('San Miguel Quetzaltepec', '70288', '2278'), ('San Pedro Ocotepec', '70293', '2324'), ('San Lucas Camotlán', '70296', '2234'), ('Santiago Ixcuintepec', '70298', '2466'), ('Plan de San Luis', '70310', '2063'), ('Palomares', '70312', '2063'), ('Cuauhtémoc', '70317', '2063'), ('Río Pachiñe', '70330', '2202'), ('Chocolate', '70330', '2202'), ('Ocotal', '70330', '2202'), ('Encinal Colorado', '70330', '2202'), ('Pachiñe Encinal', '70330', '2202'), ('San Juan Guichicovi', '70330', '2202'), ('El Zacatal', '70331', '2202'), ('Estación Mogoñé', '70340', '2202'), ('San Juan Viejo', '70343', '2202'), ('Santo Domingo Petapa', '70350', '2513'), ('Santa María Chimalapa', '70360', '2405'), ('Santa María Petapa', '70370', '2429'), ('El Barrio de la Soledad', '70390', '2029'), ('Almoloya de Gutiérrez', '70391', '2029'), ('Tanivé', '70403', '2547'), ('San Luis del Río', '70405', '2547'), ('San Marcos Tlapazola', '70406', '2547'), ('San Sebastián Abasolo', '70407', '2342'), ('Santa Catarina Albarradas', '70410', '2560'), ('Villa Díaz Ordaz', '70410', '2560'), ('San Miguel del Valle', '70412', '2560'), ('Santa María Guelacé', '70417', '2412'), ('Teotitlán del Valle', '70420', '2543'), ('Santiago Ixtaltepec', '70423', '2543'), ('San Francisco Lachigoló', '70424', '2146'), ('San Sebastián Teitipac', '70426', '2348'), ('Santa Ana del Valle', '70428', '2358'), ('Santiago Matatlán', '70440', '2476'), ('San Pablo Guila', '70442', '2476'), ('Santo Domingo Albarradas', '70446', '2505'), ('Rojas de Cuauhtémoc', '70450', '2080'), ('San Juan Teitipac', '70453', '2222'), ('Santa Cruz Papalutla', '70456', '2383'), ('Magdalena Teitipac', '70458', '2056'), ('San Jerónimo Tlacochahuaya', '70460', '2165'), ('Macuilxochitl de Artigas Carranza', '70461', '2165'), ('San Juan Guelavía', '70464', '2201'), ('San Lucas Quiaviní', '70467', '2236'), ('San Juan del Río', '70470', '2198'), ('San Bartolomé Quialana', '70474', '2122'), ('San Lorenzo Albarradas', '70477', '2229'), ('San Bartolo', '70478', '2229'), ('San Juan Guegoyachi', '70482', '2334'), ('San Pedro Quiatoni', '70486', '2326'), ('La Soledad Salinas', '70486', '2326'), ('El Porvenir', '70488', '2326'), ('Río Seco', '70490', '2451'), ('Santa María Zoquitlán', '70490', '2451'), ('San Dionisio Ocotepec', '70495', '2132'), ('San Baltazar Guelavila', '70497', '2132'), ('Santo Tomás de Arriba', '70498', '2132'), ('San Juan Juquila Mixes', '70520', '2204'), ('San Juan Lachixila', '70530', '2071'), ('Nejapa de Madero', '70531', '2071'), ('Las Ánimas', '70532', '2071'), ('Santa Ana Tavela', '70540', '2359'), ('San Juan Lajarcia', '70546', '2208'), ('San Bartolo Yautepec', '70550', '2119'), ('Santa María Ecatepec', '70565', '2411'), ('San Pedro Mártir Quiechapa', '70580', '2317'), ('Santa María Quiegolani', '70586', '2430'), ('Santiago Quiavigoló', '70587', '2430'), ('Santa Catarina Quioquitani', '70590', '2372'), ('Santa Catalina Quieri', '70595', '2363'), ('Boca del Río', '70640', '2081'), ('Ensenada la Ventosa', '70680', '2081'), ('San Antonio Monterrey', '70701', '2081'), ('Salina del Marques', '70704', '2081'), ('Santiago Lachiguiri', '70706', '2471'), ('Santa María Jalapa del Marqués', '70710', '2419'), ('Llano Grande', '70711', '2419'), ('Llano Veria', '70713', '2419'), ('San Cristóbal', '70715', '2419'), ('Santa María Totolapilla', '70716', '2442'), ('Santiago Laollaga', '70720', '2473'), ('Guevea de Humboldt', '70725', '2036'), ('Santo Domingo Chihuitán', '70730', '2507'), ('Santa María Guienagati', '70735', '2413'), ('San José', '70740', '2057'), ('Magdalena Tequisistlán', '70740', '2057'), ('Magdalena Tlacoltepec', '70746', '2058'), ('San Pedro Comitancillo', '70750', '2305'), ('Santa María Mixtequilla', '70755', '2423'), ('Santa Gertrudis Miramar', '70762', '2515'), ('Rincón Moreno', '70764', '2515'), ('Santa Cruz Bamba y Garrapatero', '70766', '2515'), ('San Pedro Huamelula', '70770', '2308'), ('El Coyul', '70771', '2308'), ('San Pedro Huilotepec', '70777', '2309'), ('San Mateo del Mar', '70780', '2250'), ('Santa Rosa de Lima', '70789', '2040'), ('Santiago Astata', '70790', '2455'), ('Barra de la Cruz', '70794', '2455'), ('San Miguel Tenango', '70795', '2283'), ('San Nicolás', '70806', '2290'), ('San Simón Almolongas', '70808', '2350'), ('Río Anona', '70809', '2350'), ('San Luis Amatlán', '70810', '2238'), ('San José Lachiguiri', '70813', '2173'), ('Sitio de Xitlapehua', '70816', '2535'), ('San Francisco Logueche', '70818', '2147'), ('Santa Ana', '70820', '2355'), ('Santa Cruz Xitla', '70823', '2387'), ('Monjas', '70826', '2068'), ('San Ildefonso Amatlán', '70828', '2155'), ('Santa Catarina Cuixtla', '70830', '2364'), ('San José del Peñasco', '70833', '2169'), ('San Cristóbal Amatlán', '70835', '2127'), ('San Juan Mixtepec Distrito 26', '70838', '2212'), ('San Pedro Mixtepec Distrito 26', '70839', '2320'), ('Santa Lucía Miahuatlán', '70840', '2395'), ('Llano de León', '70843', '2160'), ('Soledad Piedra Larga', '70843', '2160'), ('San Jerónimo Coatlán', '70844', '2160'), ('San Sebastián Coatlán', '70850', '2343'), ('San Francisco Coatlán', '70855', '2292'), ('San Pablo Coatlán', '70855', '2292'), ('Santa María Coatlan', '70855', '2292'), ('San Mateo Río Hondo', '70860', '2255'), ('Santo Tomás Tamazulapan', '70866', '2529'), ('San Andrés Paxtlán', '70868', '2097'), ('San Esteban Ozolotepec', '70870', '2426'), ('Santa María Ozolotepec', '70870', '2426'), ('Santa Cruz Ozolotepec', '70873', '2426'), ('San Miguel Coatlán', '70874', '2268'), ('San Sebastián Río Hondo', '70877', '2346'), ('San Miguel Suchixtepec', '70880', '2281'), ('Santo Domingo Ozolotepec', '70884', '2512'), ('San Francisco Ozolotepec', '70887', '2149'), ('San Felipe Lachillo', '70890', '2496'), ('Santa María Coixtepec', '70890', '2496'), ('Santiago Xanica', '70890', '2496'), ('San Antonio Ozolotepec', '70893', '2496'), ('San Marcial Ozolotepec', '70894', '2239'), ('Santa Catarina Xanaguía', '70897', '2214'), ('San Juan Ozolotepec', '70897', '2214'), ('Barra de Cuatunalco', '70902', '2325'), ('San José Chacalapa', '70904', '2325'), ('Roque', '70904', '2325'), ('San Isidro Apango', '70905', '2325'), ('Santo Domingo de Morelos', '70906', '2508'), ('Santa Catarina Loxicha', '70910', '2368'), ('Buenavista Loxicha', '70920', '2087'), ('San Agustín Loxicha', '70921', '2087'), ('San Baltazar Loxicha', '70930', '2115'), ('Santa María Colotepec', '70937', '2406'), ('Barra de Navidad', '70938', '2406'), ('San Bartolomé Loxicha', '70940', '2121'), ('Pueblo Viejo', '70945', '2441'), ('Candelaria Loxicha', '70950', '2013'), ('La Galera', '70950', '2013'), ('Pluma Hidalgo', '70960', '2076'), ('San Pedro el Alto', '70966', '2307'), ('San Mateo Piñas', '70970', '2254'), ('Puente de Coyula', '70985', '2414'), ('Puente Copalita', '70988', '2414'), ('La Merced del Potrero', '70990', '2269'), ('San Miguel del Puerto', '70990', '2269'), ('Malpica', '71000', '2077'), ('Constancia del Rosario', '71030', '2024'), ('Mesones Hidalgo', '71040', '2065'), ('San José Pueblo Nuevo', '71043', '2065'), ('San Vicente Piñas', '71057', '2449'), ('San Isidro Amatitlán', '71058', '2449'), ('La Culebra', '71058', '2449'), ('Guadalupe', '71063', '2449'), ('El Tapango', '71064', '2449'), ('El Coyulito', '71064', '2449'), ('Rancho San Pedro', '71064', '2449'), ('Santiago Llano Grande', '71066', '2449'), ('Coyul Grande', '71067', '2449'), ('Amuzgos', '71070', '2301'), ('La Guadalupe', '71070', '2301'), ('San Pedro Amuzgos', '71070', '2301'), ('La Reforma', '71080', '2048'), ('Estanzuela Grande', '71081', '2048'), ('El Porvenir', '71087', '2048'), ('Santa María Ipalapa', '71091', '2416'), ('Chalcatongo de Hidalgo', '71100', '2016'), ('Santa María Yucuhiti', '71110', '2448'), ('San Esteban Atatlahuca', '71120', '2134'), ('Santa Catarina Ticuá', '71125', '2374'), ('Santiago Nuyoo', '71130', '2483'), ('Plan de Zaragoza', '71132', '2483'), ('Yucunino de Guerrero', '71132', '2483'), ('Santa Catarina Yosonotú', '71136', '2375'), ('Villa Guadalupe Victoria', '71144', '2272'), ('Miguel Hidalgo', '71145', '2272'), ('Santo Domingo Ixcatlán', '71146', '2510'), ('San Pablo Tijaltepec', '71150', '2298'), ('Santa Cruz Tacahua', '71156', '2385'), ('Santa Lucía Monteverde', '71160', '2396'), ('Santa María Ocotlán', '71160', '2396'), ('San Andrés Cabecera Nueva', '71170', '2090'), ('Santa María Yolotepec', '71176', '2446'), ('Cuajilotes', '71180', '2501'), ('Primavera', '71180', '2501'), ('Santiago Yosondua', '71180', '2501'), ('Yolotepec de la Paz', '71181', '2501'), ('Santa Catarina Cuanana', '71182', '2501'), ('Cañada de Galicia', '71183', '2501'), ('Yerba Santa', '71184', '2501'), ('Atalaya', '71185', '2501'), ('Imperio', '71186', '2501'), ('Vergel', '71187', '2501'), ('Iturbide', '71195', '2380'), ('San Pedro Totomachapam', '71202', '2570'), ('San Pedro el Alto', '71203', '2570'), ('San Sebastián Río Dulce', '71203', '2570'), ('Santiago Clavellinas', '71204', '2570'), ('San Nicolás Quialana', '71205', '2570'), ('Santa María Vigallo', '71205', '2570'), ('Valdeflores', '71205', '2570'), ('Santa Catalina Mixtepec', '71207', '2570'), ('San Bernardo Mixtepec', '71210', '2125'), ('Santa Cruz Mixtepec', '71214', '2381'), ('Emiliano Zapata', '71215', '2381'), ('San Mateo Mixtepec', '71217', '2381'), ('San Miguel Mixtepec', '71218', '2274'), ('Santa María Atzompa', '71220', '2401'), ('San Jerónimo Yahuiche', '71220', '2401'), ('Santa Catarina Montaño', '71223', '2401'), ('San Andrés Ixtlahuaca', '71224', '2094'), ('Santa Cruz Amilpas', '71226', '2378'), ('Santa Lucía del Camino', '71240', '2394'), ('San Francisco Tutla', '71242', '2394'), ('Rancho Nuevo', '71243', '2394'), ('San Pedro Ixtlahuaca', '71246', '2311'), ('San Agustín de las Juntas', '71260', '2085'), ('Animas Trujano', '71270', '2003'), ('San Jacinto Tlacotepec', '71275', '2159'), ('San Raymundo Jalpan', '71280', '2341'), ('Trinidad', '71284', '2551'), ('San Miguel Tlanichico', '71286', '2551'), ('Santa María Roaló', '71286', '2551'), ('Santa María Coyotepec', '71290', '2408'), ('San Bartolo Coyotepec', '71294', '2117'), ('Reyes Mantecón', '71295', '2117'), ('Santa Inés Yatzeche', '71297', '2393'), ('Ciénega de Zimatlán', '71300', '2018'), ('San Antonio Huitepec', '71305', '2110'), ('Pueblo Viejo', '71307', '2110'), ('Zaachila', '71310', '2559'), ('San Lucas Tlanichico', '71314', '2559'), ('San Pedro la Reforma', '71315', '2559'), ('San Sebastián Tutla', '71320', '2349'), ('San Miguel Peras', '71326', '2276'), ('San Pablo Cuatro Venados', '71330', '2293'), ('Santa Inés del Monte', '71336', '2392'), ('Santa Gertrudis', '71340', '2390'), ('San José Guelatová de Díaz', '71343', '2390'), ('Magdalena Mixtepec', '71347', '2053'), ('Santa Catarina Quiane', '71350', '2371'), ('Ayoquezco de Aldama', '71355', '2010'), ('Santa Ana Tlapacoyan', '71360', '2360'), ('Santa Cruz Zenzontepec', '71365', '2389'), ('San Francisco Cahuacua', '71370', '2138'), ('Pueblo Viejo', '71376', '2259'), ('Zapotitlán del Río', '71378', '2259'), ('Santiago Textitlan', '71380', '2492'), ('Santiago Sochiltepec', '71382', '2492'), ('Ferrería de la Providencia', '71383', '2492'), ('Recibimiento de Cuauhtémoc', '71383', '2492'), ('Santiago Amoltepec', '71385', '2452'), ('Pueblo Viejo', '71388', '2452'), ('Santa María Zaniza', '71390', '2450'), ('Santo Domingo Teojomulco', '71395', '2516'), ('San Sebastián de las Grutas', '71418', '2562'), ('Nachihuí', '71418', '2562'), ('San Cristóbal', '71420', '2562'), ('San Isidro Ojo de Agua', '71423', '2562'), ('Santa María Lachixio', '71430', '2422'), ('El Rincón', '71440', '2353'), ('San Vicente Lachixio', '71440', '2353'), ('El Arador', '71450', '2232'), ('San Lorenzo Texmelucan', '71450', '2232'), ('Santa María Sola', '71460', '2431'), ('San Francisco Sola', '71470', '2150'), ('San Ildefonso Sola', '71480', '2156'), ('Santiago Minas', '71490', '2478'), ('San Martín Tilcajete', '71506', '2246'), ('Santo Domingo Jalieza', '71507', '2526'), ('Santo Tomas Jalieza', '71507', '2526'), ('San Juan Chilateca', '71508', '2190'), ('Santa Ana Zegache', '71516', '2362'), ('Santiago Apóstol', '71518', '2454'), ('San Antonino Castillo Velasco', '71520', '2105'), ('Asunción Ocotlán', '71523', '2008'), ('San Pedro Mártir', '71525', '2316'), ('San Dionisio Ocotlán', '71526', '2133'), ('Magdalena Ocotlán', '71529', '2054'), ('San Miguel Tilquiapam', '71530', '2285'), ('Santa Catarina Minas', '71534', '2370'), ('San Baltazar Chichicápam', '71537', '2114'), ('San Pedro Apóstol', '71540', '2302'), ('Santa Lucía Ocotlán', '71543', '2397'), ('San Jerónimo Taviche', '71545', '2163'), ('San Andrés Zabache', '71548', '2103'), ('San José del Progreso', '71550', '2170'), ('Yaxe', '71554', '2565'), ('San Pedro Taviche', '71557', '2329'), ('San Martín de los Cansecos', '71560', '2241'), ('San Martín Lachilá', '71562', '2244'), ('La Pe', '71565', '2047'), ('La Compañía', '71567', '2046'), ('Coatecas Altas', '71570', '2020'), ('San Andrés Niño', '71575', '2207'), ('San Juan Lachigalla', '71575', '2207'), ('San Agustín Amatengo', '71580', '2082'), ('Taniche', '71586', '2539'), ('San Miguel Ejutla', '71588', '2271'), ('Yogana', '71590', '2566'), ('San Vicente Coatlán', '71595', '2352'), ('Mancuernas', '71606', '2484'), ('El Ciruelo', '71606', '2484'), ('Cerro de la Esperanza', '71608', '2484'), ('Mártires de Tacubaya', '71630', '2062'), ('San Sebastián Ixcapa', '71640', '2344'), ('San Antonio Tepetlapa', '71650', '2113'), ('Santa María Cortijo', '71655', '2407'), ('Santiago Llano Grande', '71660', '2475'), ('San Miguel Tlacamama', '71670', '2286'), ('Tlacamama', '71670', '2286'), ('Santiago Tapextla', '71680', '2487'), ('Llano Grande', '71685', '2487'), ('San José Estancia Grande', '71686', '2171'), ('Santo Domingo Armenta', '71690', '2506'), ('Atotonilquillo', '71707', '2468'), ('Charco Nduayoo', '71707', '2468'), ('Emiliano Zapata', '71707', '2468'), ('La Esperanza', '71707', '2468'), ('El Santo', '71707', '2468'), ('La Huichicata', '71707', '2468'), ('Paso de la Reyna', '71707', '2468'), ('La Humedad', '71707', '2468'), ('El Guayabo', '71707', '2468'), ('La Piedra Ancha', '71707', '2468'), ('Patria Nueva', '71707', '2468'), ('San Pedro Atoyac', '71710', '2303'), ('Santa María Nutio', '71720', '2193'), ('Santiago Ixtayutla', '71730', '2467'), ('Pueblo Viejo', '71733', '2467'), ('San Pedro Jicayán', '71740', '2313'), ('Pinotepa de Don Luis', '71750', '2075'), ('San Lorenzo', '71760', '2228'), ('San Agustín Chayuco', '71764', '2084'), ('San Cristóbal', '71765', '2084'), ('San Andrés Huaxpaltepec', '71770', '2092'), ('Santa Catarina Mechoacán', '71780', '2369'), ('La Cumbre', '71784', '2490'), ('San Isidro del Parral', '71784', '2490'), ('San Luis Chatañu', '71784', '2490'), ('Santa Cruz Tihuixte', '71784', '2490'), ('Santiago Tetepec', '71785', '2490'), ('Santa María Huazolotitlán', '71790', '2415'), ('La Luz', '71801', '2558'), ('San José del Progreso', '71803', '2558'), ('El Zapotalito', '71817', '2558'), ('San José Manialtepec', '71831', '2558'), ('Tataltepec de Valdés', '71850', '2540'), ('Santa Cruz Tepenixtlahuaca', '71851', '2540'), ('San Juan Quiahije', '71870', '2216'), ('Cieneguilla', '71873', '2216'), ('San Miguel Panixtlahuaca', '71890', '2275'), ('Santa Catarina Juquila', '71900', '2366'), ('Santa María Yolotepec', '71901', '2366'), ('San Pedro Juchatengo', '71920', '2315'), ('Santiago Yaitepec', '71930', '2498'), ('San Juan Lachao', '71940', '2206'), ('Santa Rosa de Lima', '71946', '2206'), ('Santa María Temaxcaltepec', '71950', '2435'), ('Cañada de Guadalupe', '71953', '2435'), ('Santos Reyes Nopala', '71960', '2530'), ('Santa María Magdalena Tiltepec', '71963', '2530'), ('Santiago Cuixtla', '71965', '2530'), ('San Gonzalo Pueblo Viejo', '71965', '2530'), ('Santa Lucía Teotepec', '71967', '2530'), ('San Gabriel Mixtepec', '71970', '2154'), ('San Andrés Copala', '71997', '2319'), ('Los Limones', '71998', '2319'), ('Pueblo Viejo', '71998', '2319');
INSERT INTO `localities` (name, postal_code, fk_municipality) VALUES ('El Tunillo', '70800', '2066'), ('La Soledad', '70800', '2066'), ('Bramaderos', '70800', '2066'), ('Mengoli de Morelos', '70800', '2066'), ('San José Llano Grande', '70800', '2066'), ('San Pedro Amatlan', '70800', '2066'), ('El Tlacuache', '70800', '2066'), ('El Bejuco', '70802', '2066'), ('San Pedro Coatlan', '70802', '2066'), ('Santa Catalina Coatlán', '70802', '2066'), ('Agua de Sol', '70802', '2066'), ('San Guillermo', '70802', '2066'), ('Guixe', '70802', '2066'), ('Santa Catarina Roatina', '70803', '2066'), ('El Gueche', '70803', '2066'), ('El Zapote', '70803', '2066'), ('Santa Cruz Monjas', '70803', '2066'), ('Cerro Gordo', '70803', '2066'), ('San Miguel Yogovana', '70803', '2066'), ('Miahuatlán de Porfirio Díaz', '70805', '2066'), ('El Tepehuaje', '70800', '2066'), ('San Felipe Yegachín', '70800', '2066'), ('La Estancia', '70802', '2066'), ('El Zompantle', '70802', '2066'), ('El Veinte', '70802', '2066'), ('El Ramón', '70802', '2066'), ('El Ocote', '70802', '2066'), ('La Unión', '70802', '2066'), ('Dolores', '70803', '2066');

INSERT INTO `nationalities` VALUES (1, 'Afgana'), (2, 'Albanesa'), (3, 'Alemana'), (4, 'Americana'), (5, 'Andorrana'), (6, 'Angolesa'), (7, 'Arabe'), (8, 'Argeliana'), (9, 'Argentina'), (10, 'Australiana'), (11, 'Austriaca'), (12, 'Bahameña'), (13, 'Belga'), (14, 'Beliceña'), (15, 'Bhutanesa'), (16, 'Birmana'), (17, 'Boliviana'), (18, 'Botswanesa'), (19, 'Brasileña'), (20, 'Britanica'), (21, 'Zambiana'), (22, 'Bulgara'), (23, 'Burkina faso'), (24, 'Burundesa'), (25, 'Camboyana'), (26, 'Camerunesa'), (27, 'Canadiense'), (28, 'Centro africana'), (29, 'Chadiana'), (30, 'Checoslovaca'), (31, 'Chilena'), (32, 'China'), (33, 'Chipriota'), (34, 'Colombiana'), (35, 'Comorense'), (36, 'Congolesa'), (37, 'Costarricense'), (38, 'Cubana'), (39, 'Danesa'), (40, 'De bahrein'), (41, 'De barbados'), (42, 'De bennin'), (43, 'De cabo verde'), (44, 'De djibouti'), (45, 'De santo tome'), (46, 'De seychelles'), (47, 'De zimbawi'), (48, 'Del qatar'), (49, 'Del sahara'), (50, 'Dominica'), (51, 'Dominicana'), (52, 'Egipcia'), (53, 'Eslovaca'), (54, 'Eslovaquia'), (55, 'Eslovenia'), (56, 'Española'), (57, 'Estadounidense'), (58, 'Estonia'), (59, 'Etiope'), (60, 'Fijiana'), (61, 'Filipina'), (62, 'Finlandesa'), (63, 'Francesa'), (64, 'Gabonesa'), (65, 'Gambiana'), (66, 'Ghanata'), (67, 'Granadina'), (68, 'Griega'), (69, 'Guatemalteca'), (70, 'Guinea'), (71, 'Zairana'), (72, 'Guinea ecuatoriana'), (73, 'Guyanesa'), (74, 'Haitiana'), (75, 'Hindu'), (76, 'Holandesa'), (77, 'Hondureña'), (78, 'Hungara'), (79, 'Indonesa'), (80, 'Irani'), (81, 'Iraqui'), (82, 'Irlandesa'), (83, 'Islandesa'), (84, 'Israeli'), (85, 'Italiana'), (86, 'Jamaiquina'), (87, 'Japonesa'), (88, 'Jordana'), (89, 'Keniana'), (90, 'Kirguistan'), (91, 'Kuwaiti'), (92, 'Laosiana'), (93, 'Lesothense'), (94, 'Libanesa'), (95, 'Liberiana'), (96, 'Libia'), (97, 'Liechtenstense'), (98, 'Lituania'), (99, 'Luxemburguesa'), (100, 'Macedonia'), (101, 'Malasia'), (102, 'Malawiana'), (103, 'Maldiva'), (104, 'Maliense'), (105, 'Maltesa'), (106, 'Marfileña'), (107, 'Marroqui'), (108, 'Mauriciana'), (109, 'Mauritana'), (110, 'Mexicana'), (111, 'Micronecia'), (112, 'Moldovia, republica de'), (113, 'Monegasca'), (114, 'Mongolesa'), (115, 'Mozambiqueña'), (116, 'Namibiana'), (117, 'Nauruana'), (118, 'Nepalesa'), (119, 'Nicaraguense'), (120, 'Nigeriana'), (121, 'Nigerina'), (122, 'Norcoreana'), (123, 'Noruega'), (124, 'Norvietnamita'), (125, 'Omanesa'), (126, 'Pakistani'), (127, 'Panameña'), (128, 'Papuense'), (129, 'Paraguaya'), (130, 'Peruana'), (131, 'Portuguesa'), (132, 'Puertorriqueña'), (133, 'Reino unido'), (134, 'Reino unido(brit. del ext.)'), (135, 'Reino unido(c. brit. del ext.)'), (136, 'Reino unido(depen. tet. brit.)'), (137, 'Rumana'), (138, 'Rwandesa'), (139, 'Salomonesa'), (140, 'Salvadoreña'), (141, 'Samoana'), (142, 'San marinense'), (143, 'Santa luciense'), (144, 'Senegalesa'), (145, 'Sierra leonesa'), (146, 'Singaporense'), (147, 'Siria'), (148, 'Somali'), (149, 'Sovietica bielorrusa'), (150, 'Sovietica ucraniana'), (151, 'Sudafricana'), (152, 'Sudanesa'), (153, 'Sudcoreana'), (154, 'Sueca'), (155, 'Suiza'), (156, 'Surinamense'), (157, 'Swazi'), (158, 'Tailandesa'), (159, 'Taiwanesa'), (160, 'Tanzaniana'), (161, 'Togolesa'), (162, 'Trinitaria'), (163, 'Tunecina'), (164, 'Turca'), (165, 'Ugandesa'), (166, 'Uruguaya'), (167, 'Vaticana'), (168, 'Venezolana'), (169, 'Yemeni'), (170, 'Yugoslava');

INSERT INTO `neighborhoods` (name) values('S/C');
INSERT INTO `neighborhoods` (name, fk_locality) VALUES ('Dolores', 928), ('Cañada Dolores', 928), ('Abajo', 928), ('Arriba', 928), ('Benito Juárez', 928), ('Chico', 928), ('La Merced', 928), ('Loma Linda', 928), ('San Francisco', 928), ('Santa Cecilia', 928), ('Centro', 928), ('Porfirio Díaz', 928), ('20 de Noviembre', 928), ('San Juan Bosco', 928), ('Del Higo', 928), ('San Isidro', 928), ('Emiliano Zapata', 928), ('El Gueche', 928), ('Feliciano García', 928), ('San Antonio', 928), ('Piloto Popular', 928), ('Ampliación Benito Juárez', 928), ('Labor del Rosario', 928), ('3 de Octubre', 928), ('Universitaria', 928), ('Tierra Negra', 928), ('Deportiva', 928), ('Labor de Medina', 928), ('Manuel Altamirano', 928), ('Aurora', 928), ('San Martín Caballero', 928), ('Lachindo', 928), ('Televisa', 928), ('Arenal', 928), ('El Paraíso', 928), ('Miel del Valle', 928), ('San Ignacio', 928), ('Los Arcos', 928), ('La Esperanza', 928);

INSERT INTO `streets` VALUES (1,'Calle Juárez',20),(2,'Avenida Reforma',7),(3,'Francisco I. Madero',13);

INSERT INTO `addresses` VALUES (1,'10','10','1',3),(2,'st','st','1',1);

INSERT INTO `occupations` VALUES 
(1, 'No definido', null, null, 'A', null, null),
(2, 'Maestro/a', null, null, 'A', null, null),
(3, 'Ingeniero/a', null, null, 'A', null, null),
(11, 'Contador/a', null, null, 'A', null, null),
(12, 'Psicólogo/a', null, null, 'A', null, null),
(13, 'Periodista', null, null, 'A', null, null),
(14, 'Electricista', null, null, 'A', null, null),
(15, 'Mecánico/a', null, null, 'A', null, null),
(16, 'Economista', null, null, 'A', null, null),
(17, 'Administrador/a', null, null, 'A', null, null),
(18, 'Científico/a', null, null, 'A', null, null),
(19, 'Farmacéutico/a', null, null, 'A', null, null),
(20, 'Veterinario/a', null, null, 'A', null, null),
(21, 'Abogado/a', null, null, 'A', null, null),
(22, 'Dentista', null, null, 'A', null, null),
(23, 'Arquitecto/a', null, null, 'A', null, null),
(24, 'Policía', null, null, 'A', null, null),
(25, 'Militar', null, null, 'A', null, null),
(26, 'Marino/a', null, null, 'A', null, null),
(27, 'Piloto', null, null, 'A', null, null),
(28, 'Enfermero/a', null, null, 'A', null, null),
(29, 'Nutriólogo/a', null, null, 'A', null, null),
(30, 'Fisioterapeuta', null, null, 'A', null, null),
(31, 'Terapeuta', null, null, 'A', null, null),
(32, 'Trabajador/a Social', null, null, 'A', null, null),
(33, 'Psiquiatra', null, null, 'A', null, null),
(34, 'Cirujano/a', null, null, 'A', null, null),
(35, 'Ginecólogo/a', null, null, 'A', null, null),
(36, 'Pediatra', null, null, 'A', null, null),
(37, 'Oftalmólogo/a', null, null, 'A', null, null),
(38, 'Otorrinolaringólogo/a', null, null, 'A', null, null),
(39, 'Cardiólogo/a', null, null, 'A', null, null),
(40, 'Neurólogo/a', null, null, 'A', null, null),
(41, 'Dermatólogo/a', null, null, 'A', null, null),
(42, 'Endocrinólogo/a', null, null, 'A', null, null),
(43, 'Geriatra', null, null, 'A', null, null),
(44, 'Oncólogo/a', null, null, 'A', null, null),
(45, 'Reumatólogo/a', null, null, 'A', null, null),
(46, 'Urólogo/a', null, null, 'A', null, null),
(47, 'Anestesiólogo/a', null, null, 'A', null, null),
(48, 'Radiólogo/a', null, null, 'A', null, null),
(49, 'Campesino/a', null, null, 'A', null, null),
(50, 'Obrero/a', null, null, 'A', null, null),
(51, 'Comerciante', null, null, 'A', null, null),
(52, 'Empresario/a', null, null, 'A', null, null),
(53, 'Ama de casa', null, null, 'A', null, null),
(54, 'Estudiante', null, null, 'A', null, null),
(55, 'Desempleado/a', null, null, 'A', null, null),
(56, 'Jubilado/a', null, null, 'A', null, null),
(57, 'Pensionado/a', null, null, 'A', null, null),
(58, 'Chofer', null, null, 'A', null, null),
(59, 'Bibliotecario/a', null, null, 'A', null, null),
(60, 'Cocinero/a', null, null, 'A', null, null),
(61, 'Carpintero/a', null, null, 'A', null, null),
(62, 'Fontanero/a', null, null, 'A', null, null),
(63, 'Panadero/a', null, null, 'A', null, null),
(64, 'Sastre/a', null, null, 'A', null, null),
(65, 'Fotógrafo/a', null, null, 'A', null, null),
(66, 'Diseñador/a Gráfico/a', null, null, 'A', null, null),
(67, 'Publicista', null, null, 'A', null, null),
(68, 'Traductor/a', null, null, 'A', null, null),
(69, 'Intérprete', null, null, 'A', null, null),
(70, 'Investigador/a', null, null, 'A', null, null),
(71, 'Químico/a', null, null, 'A', null, null),
(72, 'Biólogo/a', null, null, 'A', null, null),
(73, 'Geólogo/a', null, null, 'A', null, null),
(74, 'Historiador/a', null, null, 'A', null, null),
(75, 'Filósofo/a', null, null, 'A', null, null),
(76, 'Sociólogo/a', null, null, 'A', null, null),
(77, 'Antropólogo/a', null, null, 'A', null, null),
(78, 'Geógrafo/a', null, null, 'A', null, null),
(79, 'Arqueólogo/a', null, null, 'A', null, null),
(80, 'Programador/a', null, null, 'A', null, null),
(81, 'Analista de Sistemas', null, null, 'A', null, null),
(82, 'Gerente', null, null, 'A', null, null),
(83, 'Escritor/a', null, null, 'A', null, null),
(84, 'Editor/a', null, null, 'A', null, null),
(85, 'Actor/a', null, null, 'A', null, null),
(86, 'Músico/a', null, null, 'A', null, null),
(87, 'Pintor/a', null, null, 'A', null, null),
(88, 'Escultor/a', null, null, 'A', null, null),
(89, 'Bailarín/a', null, null, 'A', null, null),
(90, 'Diseñador/a de Moda', null, null, 'A', null, null),
(91, 'Cerrajero/a', null, null, 'A', null, null),
(92, 'Jardinero/a', null, null, 'A', null, null),
(93, 'Agricultor/a', null, null, 'A', null, null),
(94, 'Técnico/a en Informática', null, null, 'A', null, null),
(95, 'Asistente Administrativo/a', null, null, 'A', null, null),
(96, 'Recepcionista', null, null, 'A', null, null),
(97, 'Auxiliar de Enfermería', null, null, 'A', null, null),
(98, 'Meteorólogo/a', null, null, 'A', null, null),
(99, 'Médico/a', null, null, 'A', null, null);

INSERT INTO `religions` VALUES (133100,'Adventistas del Séptimo Día', null, null, 'A', null, null),(310301,'Agnósticos', null, null, 'A', null, null),(240102,'Ágora', null, null, 'A', null, null),(110104,'Agustino', null, null, 'A', null, null),(131100,'Amistad Cristiana', null, null, 'A', null, null),(110105,'Amor Misericordioso', null, null, 'A', null, null),(130100,'Anabautista/Menonita', null, null, 'A', null, null),(290101,'Ananda Marga', null, null, 'A', null, null),(130200,'Anglicana/Episcopal', null, null, 'A', null, null),(240103,'Antroposofía', null, null, 'A', null, null),(280102,'Apostólica Tradicional México-USA (Santa Muerte)', null, null, 'A', null, null),(131200,'Asambleas de Dios', null, null, 'A', null, null),(110106,'Asuncionista', null, null, 'A', null, null),(310201,'Ateos', null, null, 'A', null, null),(230301,'Bahaísmo', null, null, 'A', null, null),(130300,'Bautista', null, null, 'A', null, null),(110107,'Benedictino', null, null, 'A', null, null),(230101,'Budismo', null, null, 'A', null, null),(130701,'Calvinista', null, null, 'A', null, null),(110108,'Capuchino', null, null, 'A', null, null),(110109,'Carmelita', null, null, 'A', null, null),(110110,'Carmelita Descalza', null, null, 'A', null, null),(131801,'Casa de Oración', null, null, 'A', null, null),(110103,'Católico', null, null, 'A', null, null),(110101,'Católico Apostólico Romano', null, null, 'A', null, null),(110102,'Católico Romano', null, null, 'A', null, null),(131802,'Centro de Fe, Esperanza y Amor de la Cruzada Misionera de Avivamiento', null, null, 'A', null, null),(131803,'Centro de Fe, Esperanza y Amor Fuerza Ágape', null, null, 'A', null, null),(230302,'Centro Onkaranada', null, null, 'A', null, null),(240104,'Centros de Tensegridad', null, null, 'A', null, null),(250101,'Chamanismo', null, null, 'A', null, null),(220102,'Chiíes', null, null, 'A', null, null),(290102,'Ciencia Cristiana', null, null, 'A', null, null),(240114,'Ciencia Esotérica', null, null, 'A', null, null),(290103,'Cienciología o Dianética', null, null, 'A', null, null),(110111,'Cisterciense', null, null, 'A', null, null),(110112,'Claretiano', null, null, 'A', null, null),(110113,'Clérigos San Viator', null, null, 'A', null, null),(110114,'Comboniano', null, null, 'A', null, null),(240105,'Comunidad del Arco iris', null, null, 'A', null, null),(110115,'Comunidad Salesiana', null, null, 'A', null, null),(110116,'Concepcionistas Franciscanos', null, null, 'A', null, null),(230303,'Confusionismo', null, null, 'A', null, null),(110118,'Congregación de los Padres Bayonenses', null, null, 'A', null, null),(130702,'Congregacional', null, null, 'A', null, null),(290104,'Contacto Angélico', null, null, 'A', null, null),(110117,'Corazonista', null, null, 'A', null, null),(290105,'Creciendo en Gracia', null, null, 'A', null, null),(270106,'Cristiana Espiritual', null, null, 'A', null, null),(134100,'Cristianas', null, null, 'A', null, null),(120106,'Cristianos Tradicionalistas', null, null, 'A', null, null),(130703,'Cuáquera', null, null, 'A', null, null),(240106,'Cuarto Camino', null, null, 'A', null, null),(280103,'Culto a Jesús Malverde', null, null, 'A', null, null),(110119,'Diócesis Maronita de México, Eparquía Nuestra Señora de los Mártires del Líbano', null, null, 'A', null, null),(131804,'Discípulos de Cristo', null, null, 'A', null, null),(110120,'Dominico', null, null, 'A', null, null),(290106,'Eckankar', null, null, 'A', null, null),(131805,'Ejército de Salvación', null, null, 'A', null, null),(250102,'El Costumbre', null, null, 'A', null, null),(110121,'Eparquía Greco-Melquita Católica', null, null, 'A', null, null),(110122,'Ermitaño Eucarístico del Padre celestial', null, null, 'A', null, null),(110123,'Esclavas de María Inmaculada', null, null, 'A', null, null),(110124,'Escolapio', null, null, 'A', null, null),(240107,'Esenios', null, null, 'A', null, null),(270103,'Espiritista', null, null, 'A', null, null),(270113,'Espíritu Santo, Pureza, Amor y Luz', null, null, 'A', null, null),(240108,'Espiritualidad Nueva Era', null, null, 'A', null, null),(270102,'Espiritualista', null, null, 'A', null, null),(270105,'Espiritualista de la Tercera Era', null, null, 'A', null, null),(270108,'Espiritualista Fe, Esperanza y Caridad, Jesús de la Montaña', null, null, 'A', null, null),(270109,'Espiritualista para el Divino Maestro y la Pureza de María', null, null, 'A', null, null),(270101,'Espiritualistas Eliasistas', null, null, 'A', null, null),(270104,'Espiritualistas Trinitarios Marianos', null, null, 'A', null, null),(110125,'Eudista', null, null, 'A', null, null),(134200,'Evangélicas', null, null, 'A', null, null),(110126,'Franciscano', null, null, 'A', null, null),(131806,'Fraternidad Pentecostés Independiente', null, null, 'A', null, null),(110127,'Fraternidad Sacerdotal San Pío X (Lefebristas)', null, null, 'A', null, null),(240115,'Gnosticismo', null, null, 'A', null, null),(240109,'Gran Fraternidad Blanca', null, null, 'A', null, null),(240110,'Gran Fraternidad Universal', null, null, 'A', null, null),(110128,'Guadalupano', null, null, 'A', null, null),(230202,'Hare Krishna', null, null, 'A', null, null),(110129,'Hermandad de Sacerdotes Operarios Diocesanos', null, null, 'A', null, null),(110130,'Hermano de Nuestra Señora de Consolación en el Mundo', null, null, 'A', null, null),(110131,'Hermano de San Juan de Dios', null, null, 'A', null, null),(110133,'Hermano Obrero de María', null, null, 'A', null, null),(110132,'Hermanos Fossores de la Sagrada Misericordia', null, null, 'A', null, null),(110134,'Hijas de la Caridad de San Vicente de Paúl', null, null, 'A', null, null),(110135,'Hijas de la Inmaculada Concepción', null, null, 'A', null, null),(110136,'Hijas de María Auxiliadora', null, null, 'A', null, null),(110137,'Hijas de San Pablo', null, null, 'A', null, null),(110138,'Hijas del Divino Salvador', null, null, 'A', null, null),(110139,'Hijas del Espíritu Santo', null, null, 'A', null, null),(110140,'Hijos de la Sagrada Familia', null, null, 'A', null, null),(110141,'Hijos de María Madre de la Iglesia', null, null, 'A', null, null),(230201,'Hinduismo', null, null, 'A', null, null),(110142,'Hospitalario de San Juan de Dios', null, null, 'A', null, null),(250103,'Huaxcam Dios Xastacná', null, null, 'A', null, null),(131807,'Iglesia Agua Viva', null, null, 'A', null, null),(131808,'Iglesia Aposento Alto', null, null, 'A', null, null),(131300,'Iglesia Apostólica de la Fe en Cristo Jesús', null, null, 'A', null, null),(132601,'Iglesia Bíblica', null, null, 'A', null, null),(110143,'Iglesia Católica Apostólica Mexicana', null, null, 'A', null, null),(120102,'Iglesia Católica Apostólica Ortodoxa', null, null, 'A', null, null),(120103,'Iglesia Católica Apostólica Ortodoxa del Patriarca de Moscú', null, null, 'A', null, null),(120107,'Iglesia Católica Apostólica Romana Reformada', null, null, 'A', null, null),(120108,'Iglesia Católica de Cristo Internacional', null, null, 'A', null, null),(120109,'Iglesia Católica de los Apóstoles de los Tiempos Posteriores', null, null, 'A', null, null),(110144,'Iglesia Católica de Rito Latino', null, null, 'A', null, null),(120104,'Iglesia Católica Griega', null, null, 'A', null, null),(120110,'Iglesia Católica Nacional Mexicana', null, null, 'A', null, null),(120111,'Iglesia Católica Tridentina Rito Latino', null, null, 'A', null, null),(131809,'Iglesia Cristiana Espiritual', null, null, 'A', null, null),(131810,'Iglesia Cristiana Evangélica Pentecostal', null, null, 'A', null, null),(131811,'Iglesia Cristiana Independiente Pentecostés', null, null, 'A', null, null),(132100,'Iglesia Cristiana Interdenominacional', null, null, 'A', null, null),(131812,'Iglesia Cristiana Interdenominacional de la República Mexicana', null, null, 'A', null, null),(131819,'Iglesia Cristiana Solo Cristo Salva', null, null, 'A', null, null),(132300,'Iglesia de Cristo', null, null, 'A', null, null),(132602,'Iglesia de Cristo Miel', null, null, 'A', null, null),(131400,'Iglesia de Dios', null, null, 'A', null, null),(131500,'Iglesia de Dios de la Profecía', null, null, 'A', null, null),(131600,'Iglesia de Dios en México del Evangelio Completo', null, null, 'A', null, null),(133200,'Iglesia de Jesucristo de los Santos de los Últimos Días (Mormones)', null, null, 'A', null, null),(131813,'Iglesia de Jesucristo sobre la Roca', null, null, 'A', null, null),(290107,'Iglesia de la Unificación', null, null, 'A', null, null),(131814,'Iglesia del Concilio Evangélico Pentecostal', null, null, 'A', null, null),(132200,'Iglesia del Dios Vivo, Columna y Apoyo de la Verdad, la Luz del Mundo', null, null, 'A', null, null),(132400,'Iglesia del Nazareno', null, null, 'A', null, null),(132603,'Iglesia Evangélica Independiente de la República Mexicana', null, null, 'A', null, null),(131815,'Iglesia Evangélica Pentecostés Cristo Roca de mi Salvación', null, null, 'A', null, null),(280101,'Iglesia Fidencista Cristiana', null, null, 'A', null, null),(110145,'Iglesia Madre', null, null, 'A', null, null),(131816,'Iglesia Mexicana del Evangelio de Cristo Pentecostés', null, null, 'A', null, null),(270112,'Iglesia Mexicana La Mujer Hermosa Vestida de Sol', null, null, 'A', null, null),(120105,'Iglesia Ortodoxa Católica', null, null, 'A', null, null),(131817,'Iglesia Pentecostal Unida de México', null, null, 'A', null, null),(132604,'Iglesia Renovada de Jesucristo y los Apóstoles del Amor Divino', null, null, 'A', null, null),(131818,'Iglesia Universal del Reino de Dios', null, null, 'A', null, null),(250104,'In kantonal, Casa del Sol', null, null, 'A', null, null),(240111,'Instituto Arica', null, null, 'A', null, null),(110146,'Instituto del Verbo Encarnado', null, null, 'A', null, null),(220101,'Islámicas', null, null, 'A', null, null),(230304,'Jainismo', null, null, 'A', null, null),(220103,'Jariyismo', null, null, 'A', null, null),(110147,'Jerónimo', null, null, 'A', null, null),(110148,'Jesuita', null, null, 'A', null, null),(210101,'Judaica', null, null, 'A', null, null),(270111,'La Luz y Esperanza', null, null, 'A', null, null),(270110,'Las Tres Potencias Padre, Hijo y Espíritu Santo', null, null, 'A', null, null),(110149,'Lazarita', null, null, 'A', null, null),(110150,'Legionarios de Cristo', null, null, 'A', null, null),(290108,'Loordista', null, null, 'A', null, null),(130400,'Luterana', null, null, 'A', null, null),(110151,'Mantellata Sierva de María', null, null, 'A', null, null),(110153,'Marista', null, null, 'A', null, null),(240116,'Masonería', null, null, 'A', null, null),(290109,'Meditación Trascendental', null, null, 'A', null, null),(110152,'Mercedaria del Santísimo Sacramento', null, null, 'A', null, null),(240117,'Metafísica', null, null, 'A', null, null),(240112,'Metafísicos Cristianos', null, null, 'A', null, null),(130500,'Metodista', null, null, 'A', null, null),(250105,'Mexicáyotl', null, null, 'A', null, null),(290110,'Misión Rama', null, null, 'A', null, null),(110154,'Misionera de la Cruz', null, null, 'A', null, null),(110155,'Misionera del Verbo Divino', null, null, 'A', null, null),(110156,'Misionera Hija del Corazón de María', null, null, 'A', null, null),(110157,'Misionero de Guadalupe', null, null, 'A', null, null),(110158,'Misionero de la Inmaculada Concepción', null, null, 'A', null, null),(110159,'Misionero del Espíritu Santo', null, null, 'A', null, null),(110160,'Misionero Redentorista', null, null, 'A', null, null),(110161,'Misionero Xaveriano en el Mundo', null, null, 'A', null, null),(110162,'Monje de la Adoración', null, null, 'A', null, null),(250106,'Movimiento Confederado Restaurador de la Cultura de Anáhuac', null, null, 'A', null, null),(290111,'Movimiento del Sendero Interior del Alma (MSIA)', null, null, 'A', null, null),(131820,'Movimiento Iglesia Evangélica Pentecostés Independiente', null, null, 'A', null, null),(290112,'Movimiento Raeliano', null, null, 'A', null, null),(132500,'Movimientos Sincréticos Judaicos Neoisraelitas', null, null, 'A', null, null),(240101,'New Age (Nueva era)', null, null, 'A', null, null),(310101,'Ninguna religión', null, null, 'A', null, null),(290113,'Niños de Dios', null, null, 'A', null, null),(110163,'Nuestra Señora de la Consolación', null, null, 'A', null, null),(240113,'Nueva Acrópolis', null, null, 'A', null, null),(280104,'Nueva Jerusalén', null, null, 'A', null, null),(110164,'Obra de Don Orione', null, null, 'A', null, null),(240118,'Ocultismo', null, null, 'A', null, null),(110165,'Operario del Reino de Cristo', null, null, 'A', null, null),(110166,'Orden de San Benito', null, null, 'A', null, null),(260101,'Origen afro', null, null, 'A', null, null),(120101,'Ortodoxo', null, null, 'A', null, null),(131824,'Otras asociaciones pentecostales', null, null, 'A', null, null),(132605,'Otras cristianas evangélicas', null, null, 'A', null, null),(130704,'Otras protestantes', null, null, 'A', null, null),(290119,'Otros nuevos movimientos religiosos', null, null, 'A', null, null),(290114,'Pacal Votán', null, null, 'A', null, null),(290115,'Palmar de Troya', null, null, 'A', null, null),(110167,'Pasionista', null, null, 'A', null, null),(110168,'Paulino', null, null, 'A', null, null),(134300,'Pentecostales', null, null, 'A', null, null),(110169,'Pequeña Obra de la Divina Providencia', null, null, 'A', null, null),(130600,'Presbiteriana', null, null, 'A', null, null),(131700,'Príncipe de Paz', null, null, 'A', null, null),(134400,'Protestantes', null, null, 'A', null, null),(260102,'Rastafaris', null, null, 'A', null, null),(250107,'Regina', null, null, 'A', null, null),(999999,'Religión no especificada', null, null, 'A', null, null),(250109,'Religiones indígenas', null, null, 'A', null, null),(110170,'Religiosa de la Asunción', null, null, 'A', null, null),(110171,'Religiosa de Nuestra Señora de Sión', null, null, 'A', null, null),(110172,'Religiosa de San José de Gerona', null, null, 'A', null, null),(110173,'Religiosa del Sagrado Corazón', null, null, 'A', null, null),(240119,'Rosacruces', null, null, 'A', null, null),(110174,'Sagrado Corazón', null, null, 'A', null, null),(110175,'Salesiano', null, null, 'A', null, null),(110176,'San José de Tarbes', null, null, 'A', null, null),(280105,'San Pascualito', null, null, 'A', null, null),(290116,'Santa Iglesia Tao Cristiana Espiritual', null, null, 'A', null, null),(110177,'Servidor del Señor y la Virgen', null, null, 'A', null, null),(110178,'Sierva de Jesús', null, null, 'A', null, null),(110179,'Sierva de Jesús de la Caridad', null, null, 'A', null, null),(110180,'Sierva de la Pasión', null, null, 'A', null, null),(110181,'Siervo de María', null, null, 'A', null, null),(110182,'Siervos de la Sagrada Familia', null, null, 'A', null, null),(230305,'Sijismo', null, null, 'A', null, null),(310401,'Sin adscripción religiosa (creyentes)', null, null, 'A', null, null),(230306,'Sintoísmo', null, null, 'A', null, null),(290117,'Sociedad de Ascensión(Ishayas)', null, null, 'A', null, null),(110183,'Sociedad de San Pablo', null, null, 'A', null, null),(110184,'Sociedad de San Pío X', null, null, 'A', null, null),(270107,'Sociedad Judictora Reinado de Leonardo Alcalá Leos', null, null, 'A', null, null),(120112,'Sociedad Sacerdotal Trento', null, null, 'A', null, null),(290118,'Sri Sathya Sai Baba', null, null, 'A', null, null),(220105,'Sufismo', null, null, 'A', null, null),(220104,'Suníes', null, null, 'A', null, null),(230307,'Taoísmo', null, null, 'A', null, null),(240120,'Teosofía', null, null, 'A', null, null),(110185,'Terciaria Capuchina de la Sagrada Familia', null, null, 'A', null, null),(133300,'Testigos de Jehová', null, null, 'A', null, null),(250108,'Toltecáyotl', null, null, 'A', null, null),(120113,'Unión Católica Trento Mexicana', null, null, 'A', null, null),(131822,'Unión de Iglesias Evangélicas Independientes', null, null, 'A', null, null),(131821,'Unión Nacional de Iglesias Cristianas Evangélicas (UNICE)', null, null, 'A', null, null),(131823,'Unión Nacional de Iglesias Evangélicas Pentecostés Emmanuel', null, null, 'A', null, null),(110186,'Ursulina de la Unión Romana', null, null, 'A', null, null),(110187,'Vicentino', null, null, 'A', null, null),(240121,'Wicca', null, null, 'A', null, null),(230308,'Zoroastrismo', null, null, 'A', null, null);

-- Inserción de roles
INSERT INTO roles (id, role) VALUES
                                 (1, 'ROLE_ADMIN'),
                                 (2, 'ROLE_STUDENT'),
                                 (3, 'ROLE_PROFESSOR'),
                                 (4, 'ROLE_CLINICAL_AREA_SUPERVISOR'),
                                 (5, 'ROLE_MEDICAL_RECORD_DIGITIZER'),
                                 (6, 'ROLE_MEDICAL_ADMIN');